--
-- PostgreSQL database dump
--

-- Dumped from database version 16.3
-- Dumped by pg_dump version 16.3

-- Started on 2025-03-27 10:25:06

SET statement_timeout = 0;
SET lock_timeout = 0;
SET idle_in_transaction_session_timeout = 0;
SET client_encoding = 'UTF8';
SET standard_conforming_strings = on;
SELECT pg_catalog.set_config('search_path', '', false);
SET check_function_bodies = false;
SET xmloption = content;
SET client_min_messages = warning;
SET row_security = off;

--
-- TOC entry 4 (class 2615 OID 2200)
-- Name: public; Type: SCHEMA; Schema: -; Owner: pg_database_owner
--

CREATE SCHEMA public;


ALTER SCHEMA public OWNER TO pg_database_owner;

--
-- TOC entry 5317 (class 0 OID 0)
-- Dependencies: 4
-- Name: SCHEMA public; Type: COMMENT; Schema: -; Owner: pg_database_owner
--

COMMENT ON SCHEMA public IS 'standard public schema';


SET default_tablespace = '';

SET default_table_access_method = heap;

--
-- TOC entry 254 (class 1259 OID 19553)
-- Name: auditlog_logentry; Type: TABLE; Schema: public; Owner: postgres
--

CREATE TABLE public.auditlog_logentry (
    id integer NOT NULL,
    object_pk character varying(255) NOT NULL,
    object_id bigint,
    object_repr text NOT NULL,
    action smallint NOT NULL,
    changes jsonb,
    "timestamp" timestamp with time zone NOT NULL,
    actor_id uuid,
    content_type_id integer NOT NULL,
    remote_addr inet,
    additional_data jsonb,
    serialized_data jsonb,
    cid character varying(255),
    changes_text text NOT NULL,
    CONSTRAINT auditlog_logentry_action_check CHECK ((action >= 0))
);


ALTER TABLE public.auditlog_logentry OWNER TO postgres;

--
-- TOC entry 253 (class 1259 OID 19552)
-- Name: auditlog_logentry_id_seq; Type: SEQUENCE; Schema: public; Owner: postgres
--

ALTER TABLE public.auditlog_logentry ALTER COLUMN id ADD GENERATED BY DEFAULT AS IDENTITY (
    SEQUENCE NAME public.auditlog_logentry_id_seq
    START WITH 1
    INCREMENT BY 1
    NO MINVALUE
    NO MAXVALUE
    CACHE 1
);


--
-- TOC entry 222 (class 1259 OID 19322)
-- Name: auth_group; Type: TABLE; Schema: public; Owner: postgres
--

CREATE TABLE public.auth_group (
    id integer NOT NULL,
    name character varying(150) NOT NULL
);


ALTER TABLE public.auth_group OWNER TO postgres;

--
-- TOC entry 221 (class 1259 OID 19321)
-- Name: auth_group_id_seq; Type: SEQUENCE; Schema: public; Owner: postgres
--

ALTER TABLE public.auth_group ALTER COLUMN id ADD GENERATED BY DEFAULT AS IDENTITY (
    SEQUENCE NAME public.auth_group_id_seq
    START WITH 1
    INCREMENT BY 1
    NO MINVALUE
    NO MAXVALUE
    CACHE 1
);


--
-- TOC entry 224 (class 1259 OID 19330)
-- Name: auth_group_permissions; Type: TABLE; Schema: public; Owner: postgres
--

CREATE TABLE public.auth_group_permissions (
    id bigint NOT NULL,
    group_id integer NOT NULL,
    permission_id integer NOT NULL
);


ALTER TABLE public.auth_group_permissions OWNER TO postgres;

--
-- TOC entry 223 (class 1259 OID 19329)
-- Name: auth_group_permissions_id_seq; Type: SEQUENCE; Schema: public; Owner: postgres
--

ALTER TABLE public.auth_group_permissions ALTER COLUMN id ADD GENERATED BY DEFAULT AS IDENTITY (
    SEQUENCE NAME public.auth_group_permissions_id_seq
    START WITH 1
    INCREMENT BY 1
    NO MINVALUE
    NO MAXVALUE
    CACHE 1
);


--
-- TOC entry 220 (class 1259 OID 19316)
-- Name: auth_permission; Type: TABLE; Schema: public; Owner: postgres
--

CREATE TABLE public.auth_permission (
    id integer NOT NULL,
    name character varying(255) NOT NULL,
    content_type_id integer NOT NULL,
    codename character varying(100) NOT NULL
);


ALTER TABLE public.auth_permission OWNER TO postgres;

--
-- TOC entry 219 (class 1259 OID 19315)
-- Name: auth_permission_id_seq; Type: SEQUENCE; Schema: public; Owner: postgres
--

ALTER TABLE public.auth_permission ALTER COLUMN id ADD GENERATED BY DEFAULT AS IDENTITY (
    SEQUENCE NAME public.auth_permission_id_seq
    START WITH 1
    INCREMENT BY 1
    NO MINVALUE
    NO MAXVALUE
    CACHE 1
);


--
-- TOC entry 255 (class 1259 OID 19616)
-- Name: authtoken_token; Type: TABLE; Schema: public; Owner: postgres
--

CREATE TABLE public.authtoken_token (
    key character varying(40) NOT NULL,
    created timestamp with time zone NOT NULL,
    user_id uuid NOT NULL
);


ALTER TABLE public.authtoken_token OWNER TO postgres;

--
-- TOC entry 252 (class 1259 OID 19532)
-- Name: django_admin_log; Type: TABLE; Schema: public; Owner: postgres
--

CREATE TABLE public.django_admin_log (
    id integer NOT NULL,
    action_time timestamp with time zone NOT NULL,
    object_id text,
    object_repr character varying(200) NOT NULL,
    action_flag smallint NOT NULL,
    change_message text NOT NULL,
    content_type_id integer,
    user_id uuid NOT NULL,
    CONSTRAINT django_admin_log_action_flag_check CHECK ((action_flag >= 0))
);


ALTER TABLE public.django_admin_log OWNER TO postgres;

--
-- TOC entry 251 (class 1259 OID 19531)
-- Name: django_admin_log_id_seq; Type: SEQUENCE; Schema: public; Owner: postgres
--

ALTER TABLE public.django_admin_log ALTER COLUMN id ADD GENERATED BY DEFAULT AS IDENTITY (
    SEQUENCE NAME public.django_admin_log_id_seq
    START WITH 1
    INCREMENT BY 1
    NO MINVALUE
    NO MAXVALUE
    CACHE 1
);


--
-- TOC entry 266 (class 1259 OID 19691)
-- Name: django_celery_beat_clockedschedule; Type: TABLE; Schema: public; Owner: postgres
--

CREATE TABLE public.django_celery_beat_clockedschedule (
    id integer NOT NULL,
    clocked_time timestamp with time zone NOT NULL
);


ALTER TABLE public.django_celery_beat_clockedschedule OWNER TO postgres;

--
-- TOC entry 265 (class 1259 OID 19690)
-- Name: django_celery_beat_clockedschedule_id_seq; Type: SEQUENCE; Schema: public; Owner: postgres
--

ALTER TABLE public.django_celery_beat_clockedschedule ALTER COLUMN id ADD GENERATED BY DEFAULT AS IDENTITY (
    SEQUENCE NAME public.django_celery_beat_clockedschedule_id_seq
    START WITH 1
    INCREMENT BY 1
    NO MINVALUE
    NO MAXVALUE
    CACHE 1
);


--
-- TOC entry 257 (class 1259 OID 19630)
-- Name: django_celery_beat_crontabschedule; Type: TABLE; Schema: public; Owner: postgres
--

CREATE TABLE public.django_celery_beat_crontabschedule (
    id integer NOT NULL,
    minute character varying(240) NOT NULL,
    hour character varying(96) NOT NULL,
    day_of_week character varying(64) NOT NULL,
    day_of_month character varying(124) NOT NULL,
    month_of_year character varying(64) NOT NULL,
    timezone character varying(63) NOT NULL
);


ALTER TABLE public.django_celery_beat_crontabschedule OWNER TO postgres;

--
-- TOC entry 256 (class 1259 OID 19629)
-- Name: django_celery_beat_crontabschedule_id_seq; Type: SEQUENCE; Schema: public; Owner: postgres
--

ALTER TABLE public.django_celery_beat_crontabschedule ALTER COLUMN id ADD GENERATED BY DEFAULT AS IDENTITY (
    SEQUENCE NAME public.django_celery_beat_crontabschedule_id_seq
    START WITH 1
    INCREMENT BY 1
    NO MINVALUE
    NO MAXVALUE
    CACHE 1
);


--
-- TOC entry 259 (class 1259 OID 19636)
-- Name: django_celery_beat_intervalschedule; Type: TABLE; Schema: public; Owner: postgres
--

CREATE TABLE public.django_celery_beat_intervalschedule (
    id integer NOT NULL,
    every integer NOT NULL,
    period character varying(24) NOT NULL
);


ALTER TABLE public.django_celery_beat_intervalschedule OWNER TO postgres;

--
-- TOC entry 258 (class 1259 OID 19635)
-- Name: django_celery_beat_intervalschedule_id_seq; Type: SEQUENCE; Schema: public; Owner: postgres
--

ALTER TABLE public.django_celery_beat_intervalschedule ALTER COLUMN id ADD GENERATED BY DEFAULT AS IDENTITY (
    SEQUENCE NAME public.django_celery_beat_intervalschedule_id_seq
    START WITH 1
    INCREMENT BY 1
    NO MINVALUE
    NO MAXVALUE
    CACHE 1
);


--
-- TOC entry 261 (class 1259 OID 19642)
-- Name: django_celery_beat_periodictask; Type: TABLE; Schema: public; Owner: postgres
--

CREATE TABLE public.django_celery_beat_periodictask (
    id integer NOT NULL,
    name character varying(200) NOT NULL,
    task character varying(200) NOT NULL,
    args text NOT NULL,
    kwargs text NOT NULL,
    queue character varying(200),
    exchange character varying(200),
    routing_key character varying(200),
    expires timestamp with time zone,
    enabled boolean NOT NULL,
    last_run_at timestamp with time zone,
    total_run_count integer NOT NULL,
    date_changed timestamp with time zone NOT NULL,
    description text NOT NULL,
    crontab_id integer,
    interval_id integer,
    solar_id integer,
    one_off boolean NOT NULL,
    start_time timestamp with time zone,
    priority integer,
    headers text NOT NULL,
    clocked_id integer,
    expire_seconds integer,
    CONSTRAINT django_celery_beat_periodictask_expire_seconds_check CHECK ((expire_seconds >= 0)),
    CONSTRAINT django_celery_beat_periodictask_priority_check CHECK ((priority >= 0)),
    CONSTRAINT django_celery_beat_periodictask_total_run_count_check CHECK ((total_run_count >= 0))
);


ALTER TABLE public.django_celery_beat_periodictask OWNER TO postgres;

--
-- TOC entry 260 (class 1259 OID 19641)
-- Name: django_celery_beat_periodictask_id_seq; Type: SEQUENCE; Schema: public; Owner: postgres
--

ALTER TABLE public.django_celery_beat_periodictask ALTER COLUMN id ADD GENERATED BY DEFAULT AS IDENTITY (
    SEQUENCE NAME public.django_celery_beat_periodictask_id_seq
    START WITH 1
    INCREMENT BY 1
    NO MINVALUE
    NO MAXVALUE
    CACHE 1
);


--
-- TOC entry 262 (class 1259 OID 19652)
-- Name: django_celery_beat_periodictasks; Type: TABLE; Schema: public; Owner: postgres
--

CREATE TABLE public.django_celery_beat_periodictasks (
    ident smallint NOT NULL,
    last_update timestamp with time zone NOT NULL
);


ALTER TABLE public.django_celery_beat_periodictasks OWNER TO postgres;

--
-- TOC entry 264 (class 1259 OID 19671)
-- Name: django_celery_beat_solarschedule; Type: TABLE; Schema: public; Owner: postgres
--

CREATE TABLE public.django_celery_beat_solarschedule (
    id integer NOT NULL,
    event character varying(24) NOT NULL,
    latitude numeric(9,6) NOT NULL,
    longitude numeric(9,6) NOT NULL
);


ALTER TABLE public.django_celery_beat_solarschedule OWNER TO postgres;

--
-- TOC entry 263 (class 1259 OID 19670)
-- Name: django_celery_beat_solarschedule_id_seq; Type: SEQUENCE; Schema: public; Owner: postgres
--

ALTER TABLE public.django_celery_beat_solarschedule ALTER COLUMN id ADD GENERATED BY DEFAULT AS IDENTITY (
    SEQUENCE NAME public.django_celery_beat_solarschedule_id_seq
    START WITH 1
    INCREMENT BY 1
    NO MINVALUE
    NO MAXVALUE
    CACHE 1
);


--
-- TOC entry 218 (class 1259 OID 19118)
-- Name: django_content_type; Type: TABLE; Schema: public; Owner: postgres
--

CREATE TABLE public.django_content_type (
    id integer NOT NULL,
    app_label character varying(100) NOT NULL,
    model character varying(100) NOT NULL
);


ALTER TABLE public.django_content_type OWNER TO postgres;

--
-- TOC entry 217 (class 1259 OID 19117)
-- Name: django_content_type_id_seq; Type: SEQUENCE; Schema: public; Owner: postgres
--

ALTER TABLE public.django_content_type ALTER COLUMN id ADD GENERATED BY DEFAULT AS IDENTITY (
    SEQUENCE NAME public.django_content_type_id_seq
    START WITH 1
    INCREMENT BY 1
    NO MINVALUE
    NO MAXVALUE
    CACHE 1
);


--
-- TOC entry 216 (class 1259 OID 19110)
-- Name: django_migrations; Type: TABLE; Schema: public; Owner: postgres
--

CREATE TABLE public.django_migrations (
    id bigint NOT NULL,
    app character varying(255) NOT NULL,
    name character varying(255) NOT NULL,
    applied timestamp with time zone NOT NULL
);


ALTER TABLE public.django_migrations OWNER TO postgres;

--
-- TOC entry 215 (class 1259 OID 19109)
-- Name: django_migrations_id_seq; Type: SEQUENCE; Schema: public; Owner: postgres
--

ALTER TABLE public.django_migrations ALTER COLUMN id ADD GENERATED BY DEFAULT AS IDENTITY (
    SEQUENCE NAME public.django_migrations_id_seq
    START WITH 1
    INCREMENT BY 1
    NO MINVALUE
    NO MAXVALUE
    CACHE 1
);


--
-- TOC entry 270 (class 1259 OID 19827)
-- Name: django_session; Type: TABLE; Schema: public; Owner: postgres
--

CREATE TABLE public.django_session (
    session_key character varying(40) NOT NULL,
    session_data text NOT NULL,
    expire_date timestamp with time zone NOT NULL
);


ALTER TABLE public.django_session OWNER TO postgres;

--
-- TOC entry 226 (class 1259 OID 19396)
-- Name: lms_attendance; Type: TABLE; Schema: public; Owner: postgres
--

CREATE TABLE public.lms_attendance (
    id bigint NOT NULL,
    is_present boolean NOT NULL,
    date date NOT NULL,
    student_id uuid NOT NULL,
    classroom_id bigint,
    status_id bigint
);


ALTER TABLE public.lms_attendance OWNER TO postgres;

--
-- TOC entry 225 (class 1259 OID 19395)
-- Name: lms_attendance_id_seq; Type: SEQUENCE; Schema: public; Owner: postgres
--

ALTER TABLE public.lms_attendance ALTER COLUMN id ADD GENERATED BY DEFAULT AS IDENTITY (
    SEQUENCE NAME public.lms_attendance_id_seq
    START WITH 1
    INCREMENT BY 1
    NO MINVALUE
    NO MAXVALUE
    CACHE 1
);


--
-- TOC entry 228 (class 1259 OID 19402)
-- Name: lms_class; Type: TABLE; Schema: public; Owner: postgres
--

CREATE TABLE public.lms_class (
    id bigint NOT NULL,
    is_active boolean NOT NULL,
    teacher_id uuid NOT NULL,
    department_id bigint,
    school_year_id bigint NOT NULL,
    section_id bigint NOT NULL,
    subject_id bigint NOT NULL,
    year_level_id bigint NOT NULL
);


ALTER TABLE public.lms_class OWNER TO postgres;

--
-- TOC entry 227 (class 1259 OID 19401)
-- Name: lms_class_id_seq; Type: SEQUENCE; Schema: public; Owner: postgres
--

ALTER TABLE public.lms_class ALTER COLUMN id ADD GENERATED BY DEFAULT AS IDENTITY (
    SEQUENCE NAME public.lms_class_id_seq
    START WITH 1
    INCREMENT BY 1
    NO MINVALUE
    NO MAXVALUE
    CACHE 1
);


--
-- TOC entry 268 (class 1259 OID 19709)
-- Name: lms_class_students; Type: TABLE; Schema: public; Owner: postgres
--

CREATE TABLE public.lms_class_students (
    id bigint NOT NULL,
    class_id bigint NOT NULL,
    user_id uuid NOT NULL
);


ALTER TABLE public.lms_class_students OWNER TO postgres;

--
-- TOC entry 267 (class 1259 OID 19708)
-- Name: lms_class_students_id_seq; Type: SEQUENCE; Schema: public; Owner: postgres
--

ALTER TABLE public.lms_class_students ALTER COLUMN id ADD GENERATED BY DEFAULT AS IDENTITY (
    SEQUENCE NAME public.lms_class_students_id_seq
    START WITH 1
    INCREMENT BY 1
    NO MINVALUE
    NO MAXVALUE
    CACHE 1
);


--
-- TOC entry 230 (class 1259 OID 19408)
-- Name: lms_college; Type: TABLE; Schema: public; Owner: postgres
--

CREATE TABLE public.lms_college (
    id bigint NOT NULL,
    name character varying(255) NOT NULL,
    code character varying(10) NOT NULL
);


ALTER TABLE public.lms_college OWNER TO postgres;

--
-- TOC entry 229 (class 1259 OID 19407)
-- Name: lms_college_id_seq; Type: SEQUENCE; Schema: public; Owner: postgres
--

ALTER TABLE public.lms_college ALTER COLUMN id ADD GENERATED BY DEFAULT AS IDENTITY (
    SEQUENCE NAME public.lms_college_id_seq
    START WITH 1
    INCREMENT BY 1
    NO MINVALUE
    NO MAXVALUE
    CACHE 1
);


--
-- TOC entry 232 (class 1259 OID 19414)
-- Name: lms_department; Type: TABLE; Schema: public; Owner: postgres
--

CREATE TABLE public.lms_department (
    id bigint NOT NULL,
    name character varying(255) NOT NULL,
    code character varying(10) NOT NULL,
    college_id bigint NOT NULL
);


ALTER TABLE public.lms_department OWNER TO postgres;

--
-- TOC entry 231 (class 1259 OID 19413)
-- Name: lms_department_id_seq; Type: SEQUENCE; Schema: public; Owner: postgres
--

ALTER TABLE public.lms_department ALTER COLUMN id ADD GENERATED BY DEFAULT AS IDENTITY (
    SEQUENCE NAME public.lms_department_id_seq
    START WITH 1
    INCREMENT BY 1
    NO MINVALUE
    NO MAXVALUE
    CACHE 1
);


--
-- TOC entry 269 (class 1259 OID 19814)
-- Name: lms_post; Type: TABLE; Schema: public; Owner: postgres
--

CREATE TABLE public.lms_post (
    uuid uuid NOT NULL,
    description text NOT NULL,
    "timestamp" timestamp with time zone NOT NULL,
    image character varying(100),
    created_by_id uuid NOT NULL
);


ALTER TABLE public.lms_post OWNER TO postgres;

--
-- TOC entry 234 (class 1259 OID 19420)
-- Name: lms_schoolyear; Type: TABLE; Schema: public; Owner: postgres
--

CREATE TABLE public.lms_schoolyear (
    id bigint NOT NULL,
    name character varying(50) NOT NULL,
    "endYear" integer,
    "startYear" integer
);


ALTER TABLE public.lms_schoolyear OWNER TO postgres;

--
-- TOC entry 233 (class 1259 OID 19419)
-- Name: lms_schoolyear_id_seq; Type: SEQUENCE; Schema: public; Owner: postgres
--

ALTER TABLE public.lms_schoolyear ALTER COLUMN id ADD GENERATED BY DEFAULT AS IDENTITY (
    SEQUENCE NAME public.lms_schoolyear_id_seq
    START WITH 1
    INCREMENT BY 1
    NO MINVALUE
    NO MAXVALUE
    CACHE 1
);


--
-- TOC entry 236 (class 1259 OID 19426)
-- Name: lms_section; Type: TABLE; Schema: public; Owner: postgres
--

CREATE TABLE public.lms_section (
    id bigint NOT NULL,
    section character varying(10) NOT NULL,
    "tblYearLevel_id" bigint
);


ALTER TABLE public.lms_section OWNER TO postgres;

--
-- TOC entry 235 (class 1259 OID 19425)
-- Name: lms_section_id_seq; Type: SEQUENCE; Schema: public; Owner: postgres
--

ALTER TABLE public.lms_section ALTER COLUMN id ADD GENERATED BY DEFAULT AS IDENTITY (
    SEQUENCE NAME public.lms_section_id_seq
    START WITH 1
    INCREMENT BY 1
    NO MINVALUE
    NO MAXVALUE
    CACHE 1
);


--
-- TOC entry 238 (class 1259 OID 19432)
-- Name: lms_status; Type: TABLE; Schema: public; Owner: postgres
--

CREATE TABLE public.lms_status (
    id bigint NOT NULL,
    name character varying(15) NOT NULL
);


ALTER TABLE public.lms_status OWNER TO postgres;

--
-- TOC entry 237 (class 1259 OID 19431)
-- Name: lms_status_id_seq; Type: SEQUENCE; Schema: public; Owner: postgres
--

ALTER TABLE public.lms_status ALTER COLUMN id ADD GENERATED BY DEFAULT AS IDENTITY (
    SEQUENCE NAME public.lms_status_id_seq
    START WITH 1
    INCREMENT BY 1
    NO MINVALUE
    NO MAXVALUE
    CACHE 1
);


--
-- TOC entry 240 (class 1259 OID 19438)
-- Name: lms_subject; Type: TABLE; Schema: public; Owner: postgres
--

CREATE TABLE public.lms_subject (
    id bigint NOT NULL,
    name character varying(255) NOT NULL,
    code character varying(10) NOT NULL,
    department_id bigint,
    year_level_id bigint
);


ALTER TABLE public.lms_subject OWNER TO postgres;

--
-- TOC entry 239 (class 1259 OID 19437)
-- Name: lms_subject_id_seq; Type: SEQUENCE; Schema: public; Owner: postgres
--

ALTER TABLE public.lms_subject ALTER COLUMN id ADD GENERATED BY DEFAULT AS IDENTITY (
    SEQUENCE NAME public.lms_subject_id_seq
    START WITH 1
    INCREMENT BY 1
    NO MINVALUE
    NO MAXVALUE
    CACHE 1
);


--
-- TOC entry 242 (class 1259 OID 19444)
-- Name: lms_yearlevel; Type: TABLE; Schema: public; Owner: postgres
--

CREATE TABLE public.lms_yearlevel (
    id bigint NOT NULL,
    level character varying(10) NOT NULL
);


ALTER TABLE public.lms_yearlevel OWNER TO postgres;

--
-- TOC entry 241 (class 1259 OID 19443)
-- Name: lms_yearlevel_id_seq; Type: SEQUENCE; Schema: public; Owner: postgres
--

ALTER TABLE public.lms_yearlevel ALTER COLUMN id ADD GENERATED BY DEFAULT AS IDENTITY (
    SEQUENCE NAME public.lms_yearlevel_id_seq
    START WITH 1
    INCREMENT BY 1
    NO MINVALUE
    NO MAXVALUE
    CACHE 1
);


--
-- TOC entry 282 (class 1259 OID 19877)
-- Name: unieventify_tblevent; Type: TABLE; Schema: public; Owner: postgres
--

CREATE TABLE public.unieventify_tblevent (
    id bigint NOT NULL,
    meetinglink text,
    "eventName" text NOT NULL,
    "eventDescription" text NOT NULL,
    "startDateTime" timestamp with time zone,
    "endDateTime" timestamp with time zone,
    "timestamp" timestamp with time zone NOT NULL,
    "approveDocuments" character varying(100),
    images character varying(100),
    "isAnnouncement" boolean,
    "isAprrovedByDean" boolean,
    "isAprrovedByChairman" boolean,
    "majorEvent" boolean,
    recurrence_type character varying(10) NOT NULL,
    recurrence_days jsonb,
    created_by_id uuid,
    "eventCategory_id" bigint,
    "eventType_id" bigint,
    setup_id bigint,
    status_id bigint,
    venue_id bigint
);


ALTER TABLE public.unieventify_tblevent OWNER TO postgres;

--
-- TOC entry 284 (class 1259 OID 19885)
-- Name: unieventify_tblevent_department; Type: TABLE; Schema: public; Owner: postgres
--

CREATE TABLE public.unieventify_tblevent_department (
    id bigint NOT NULL,
    tblevent_id bigint NOT NULL,
    department_id bigint NOT NULL
);


ALTER TABLE public.unieventify_tblevent_department OWNER TO postgres;

--
-- TOC entry 283 (class 1259 OID 19884)
-- Name: unieventify_tblevent_department_id_seq; Type: SEQUENCE; Schema: public; Owner: postgres
--

ALTER TABLE public.unieventify_tblevent_department ALTER COLUMN id ADD GENERATED BY DEFAULT AS IDENTITY (
    SEQUENCE NAME public.unieventify_tblevent_department_id_seq
    START WITH 1
    INCREMENT BY 1
    NO MINVALUE
    NO MAXVALUE
    CACHE 1
);


--
-- TOC entry 281 (class 1259 OID 19876)
-- Name: unieventify_tblevent_id_seq; Type: SEQUENCE; Schema: public; Owner: postgres
--

ALTER TABLE public.unieventify_tblevent ALTER COLUMN id ADD GENERATED BY DEFAULT AS IDENTITY (
    SEQUENCE NAME public.unieventify_tblevent_id_seq
    START WITH 1
    INCREMENT BY 1
    NO MINVALUE
    NO MAXVALUE
    CACHE 1
);


--
-- TOC entry 286 (class 1259 OID 19891)
-- Name: unieventify_tblevent_participants; Type: TABLE; Schema: public; Owner: postgres
--

CREATE TABLE public.unieventify_tblevent_participants (
    id bigint NOT NULL,
    tblevent_id bigint NOT NULL,
    user_id uuid NOT NULL
);


ALTER TABLE public.unieventify_tblevent_participants OWNER TO postgres;

--
-- TOC entry 285 (class 1259 OID 19890)
-- Name: unieventify_tblevent_participants_id_seq; Type: SEQUENCE; Schema: public; Owner: postgres
--

ALTER TABLE public.unieventify_tblevent_participants ALTER COLUMN id ADD GENERATED BY DEFAULT AS IDENTITY (
    SEQUENCE NAME public.unieventify_tblevent_participants_id_seq
    START WITH 1
    INCREMENT BY 1
    NO MINVALUE
    NO MAXVALUE
    CACHE 1
);


--
-- TOC entry 272 (class 1259 OID 19837)
-- Name: unieventify_tbleventcategory; Type: TABLE; Schema: public; Owner: postgres
--

CREATE TABLE public.unieventify_tbleventcategory (
    id bigint NOT NULL,
    "eventCategoryName" character varying(255) NOT NULL
);


ALTER TABLE public.unieventify_tbleventcategory OWNER TO postgres;

--
-- TOC entry 271 (class 1259 OID 19836)
-- Name: unieventify_tbleventcategory_id_seq; Type: SEQUENCE; Schema: public; Owner: postgres
--

ALTER TABLE public.unieventify_tbleventcategory ALTER COLUMN id ADD GENERATED BY DEFAULT AS IDENTITY (
    SEQUENCE NAME public.unieventify_tbleventcategory_id_seq
    START WITH 1
    INCREMENT BY 1
    NO MINVALUE
    NO MAXVALUE
    CACHE 1
);


--
-- TOC entry 288 (class 1259 OID 19897)
-- Name: unieventify_tbleventlog; Type: TABLE; Schema: public; Owner: postgres
--

CREATE TABLE public.unieventify_tbleventlog (
    id bigint NOT NULL,
    is_read boolean,
    created_at timestamp with time zone,
    event_id bigint NOT NULL,
    user_id uuid NOT NULL
);


ALTER TABLE public.unieventify_tbleventlog OWNER TO postgres;

--
-- TOC entry 287 (class 1259 OID 19896)
-- Name: unieventify_tbleventlog_id_seq; Type: SEQUENCE; Schema: public; Owner: postgres
--

ALTER TABLE public.unieventify_tbleventlog ALTER COLUMN id ADD GENERATED BY DEFAULT AS IDENTITY (
    SEQUENCE NAME public.unieventify_tbleventlog_id_seq
    START WITH 1
    INCREMENT BY 1
    NO MINVALUE
    NO MAXVALUE
    CACHE 1
);


--
-- TOC entry 290 (class 1259 OID 19903)
-- Name: unieventify_tbleventremarks; Type: TABLE; Schema: public; Owner: postgres
--

CREATE TABLE public.unieventify_tbleventremarks (
    id bigint NOT NULL,
    remark text NOT NULL,
    events_id bigint
);


ALTER TABLE public.unieventify_tbleventremarks OWNER TO postgres;

--
-- TOC entry 289 (class 1259 OID 19902)
-- Name: unieventify_tbleventremarks_id_seq; Type: SEQUENCE; Schema: public; Owner: postgres
--

ALTER TABLE public.unieventify_tbleventremarks ALTER COLUMN id ADD GENERATED BY DEFAULT AS IDENTITY (
    SEQUENCE NAME public.unieventify_tbleventremarks_id_seq
    START WITH 1
    INCREMENT BY 1
    NO MINVALUE
    NO MAXVALUE
    CACHE 1
);


--
-- TOC entry 294 (class 1259 OID 19917)
-- Name: unieventify_tbleventschoolyearandsemester; Type: TABLE; Schema: public; Owner: postgres
--

CREATE TABLE public.unieventify_tbleventschoolyearandsemester (
    id bigint NOT NULL,
    semester_id bigint
);


ALTER TABLE public.unieventify_tbleventschoolyearandsemester OWNER TO postgres;

--
-- TOC entry 296 (class 1259 OID 19923)
-- Name: unieventify_tbleventschoolyearandsemester_events; Type: TABLE; Schema: public; Owner: postgres
--

CREATE TABLE public.unieventify_tbleventschoolyearandsemester_events (
    id bigint NOT NULL,
    tbleventschoolyearandsemester_id bigint NOT NULL,
    tblevent_id bigint NOT NULL
);


ALTER TABLE public.unieventify_tbleventschoolyearandsemester_events OWNER TO postgres;

--
-- TOC entry 295 (class 1259 OID 19922)
-- Name: unieventify_tbleventschoolyearandsemester_events_id_seq; Type: SEQUENCE; Schema: public; Owner: postgres
--

ALTER TABLE public.unieventify_tbleventschoolyearandsemester_events ALTER COLUMN id ADD GENERATED BY DEFAULT AS IDENTITY (
    SEQUENCE NAME public.unieventify_tbleventschoolyearandsemester_events_id_seq
    START WITH 1
    INCREMENT BY 1
    NO MINVALUE
    NO MAXVALUE
    CACHE 1
);


--
-- TOC entry 293 (class 1259 OID 19916)
-- Name: unieventify_tbleventschoolyearandsemester_id_seq; Type: SEQUENCE; Schema: public; Owner: postgres
--

ALTER TABLE public.unieventify_tbleventschoolyearandsemester ALTER COLUMN id ADD GENERATED BY DEFAULT AS IDENTITY (
    SEQUENCE NAME public.unieventify_tbleventschoolyearandsemester_id_seq
    START WITH 1
    INCREMENT BY 1
    NO MINVALUE
    NO MAXVALUE
    CACHE 1
);


--
-- TOC entry 274 (class 1259 OID 19843)
-- Name: unieventify_tbleventtype; Type: TABLE; Schema: public; Owner: postgres
--

CREATE TABLE public.unieventify_tbleventtype (
    id bigint NOT NULL,
    "eventTypeName" character varying(255) NOT NULL
);


ALTER TABLE public.unieventify_tbleventtype OWNER TO postgres;

--
-- TOC entry 273 (class 1259 OID 19842)
-- Name: unieventify_tbleventtype_id_seq; Type: SEQUENCE; Schema: public; Owner: postgres
--

ALTER TABLE public.unieventify_tbleventtype ALTER COLUMN id ADD GENERATED BY DEFAULT AS IDENTITY (
    SEQUENCE NAME public.unieventify_tbleventtype_id_seq
    START WITH 1
    INCREMENT BY 1
    NO MINVALUE
    NO MAXVALUE
    CACHE 1
);


--
-- TOC entry 292 (class 1259 OID 19911)
-- Name: unieventify_tblsemester; Type: TABLE; Schema: public; Owner: postgres
--

CREATE TABLE public.unieventify_tblsemester (
    id bigint NOT NULL,
    "semesterName" character varying(255) NOT NULL,
    "startDate" date NOT NULL,
    "endDate" date NOT NULL,
    "schoolYear_id" bigint
);


ALTER TABLE public.unieventify_tblsemester OWNER TO postgres;

--
-- TOC entry 291 (class 1259 OID 19910)
-- Name: unieventify_tblsemester_id_seq; Type: SEQUENCE; Schema: public; Owner: postgres
--

ALTER TABLE public.unieventify_tblsemester ALTER COLUMN id ADD GENERATED BY DEFAULT AS IDENTITY (
    SEQUENCE NAME public.unieventify_tblsemester_id_seq
    START WITH 1
    INCREMENT BY 1
    NO MINVALUE
    NO MAXVALUE
    CACHE 1
);


--
-- TOC entry 276 (class 1259 OID 19849)
-- Name: unieventify_tblsetup; Type: TABLE; Schema: public; Owner: postgres
--

CREATE TABLE public.unieventify_tblsetup (
    id bigint NOT NULL,
    "setupName" character varying(255) NOT NULL
);


ALTER TABLE public.unieventify_tblsetup OWNER TO postgres;

--
-- TOC entry 275 (class 1259 OID 19848)
-- Name: unieventify_tblsetup_id_seq; Type: SEQUENCE; Schema: public; Owner: postgres
--

ALTER TABLE public.unieventify_tblsetup ALTER COLUMN id ADD GENERATED BY DEFAULT AS IDENTITY (
    SEQUENCE NAME public.unieventify_tblsetup_id_seq
    START WITH 1
    INCREMENT BY 1
    NO MINVALUE
    NO MAXVALUE
    CACHE 1
);


--
-- TOC entry 278 (class 1259 OID 19861)
-- Name: unieventify_tblstudentorg; Type: TABLE; Schema: public; Owner: postgres
--

CREATE TABLE public.unieventify_tblstudentorg (
    id bigint NOT NULL,
    "studentOrgType" character varying(255) NOT NULL,
    "studentOrgName" character varying(255) NOT NULL
);


ALTER TABLE public.unieventify_tblstudentorg OWNER TO postgres;

--
-- TOC entry 277 (class 1259 OID 19860)
-- Name: unieventify_tblstudentorg_id_seq; Type: SEQUENCE; Schema: public; Owner: postgres
--

ALTER TABLE public.unieventify_tblstudentorg ALTER COLUMN id ADD GENERATED BY DEFAULT AS IDENTITY (
    SEQUENCE NAME public.unieventify_tblstudentorg_id_seq
    START WITH 1
    INCREMENT BY 1
    NO MINVALUE
    NO MAXVALUE
    CACHE 1
);


--
-- TOC entry 280 (class 1259 OID 19869)
-- Name: unieventify_tblvenue; Type: TABLE; Schema: public; Owner: postgres
--

CREATE TABLE public.unieventify_tblvenue (
    id bigint NOT NULL,
    "venueName" character varying(255) NOT NULL,
    location character varying(255)
);


ALTER TABLE public.unieventify_tblvenue OWNER TO postgres;

--
-- TOC entry 279 (class 1259 OID 19868)
-- Name: unieventify_tblvenue_id_seq; Type: SEQUENCE; Schema: public; Owner: postgres
--

ALTER TABLE public.unieventify_tblvenue ALTER COLUMN id ADD GENERATED BY DEFAULT AS IDENTITY (
    SEQUENCE NAME public.unieventify_tblvenue_id_seq
    START WITH 1
    INCREMENT BY 1
    NO MINVALUE
    NO MAXVALUE
    CACHE 1
);


--
-- TOC entry 243 (class 1259 OID 19449)
-- Name: users_role; Type: TABLE; Schema: public; Owner: postgres
--

CREATE TABLE public.users_role (
    uuid uuid NOT NULL,
    name character varying(100) NOT NULL,
    rank integer
);


ALTER TABLE public.users_role OWNER TO postgres;

--
-- TOC entry 244 (class 1259 OID 19454)
-- Name: users_user; Type: TABLE; Schema: public; Owner: postgres
--

CREATE TABLE public.users_user (
    password character varying(128) NOT NULL,
    last_login timestamp with time zone,
    email character varying(254) NOT NULL,
    uuid uuid NOT NULL,
    first_name character varying(255) NOT NULL,
    last_name character varying(255) NOT NULL,
    middle_name character varying(100),
    suffix character varying(10) NOT NULL,
    id_number character varying(50) NOT NULL,
    date_of_birth date,
    avatar character varying(100),
    is_student boolean NOT NULL,
    is_employee boolean NOT NULL,
    is_develop boolean NOT NULL,
    is_active boolean NOT NULL,
    is_staff boolean NOT NULL,
    is_superuser boolean NOT NULL,
    date_joined timestamp with time zone NOT NULL,
    department_id bigint,
    organization_id bigint,
    section_id bigint
);


ALTER TABLE public.users_user OWNER TO postgres;

--
-- TOC entry 246 (class 1259 OID 19466)
-- Name: users_user_groups; Type: TABLE; Schema: public; Owner: postgres
--

CREATE TABLE public.users_user_groups (
    id bigint NOT NULL,
    user_id uuid NOT NULL,
    group_id integer NOT NULL
);


ALTER TABLE public.users_user_groups OWNER TO postgres;

--
-- TOC entry 245 (class 1259 OID 19465)
-- Name: users_user_groups_id_seq; Type: SEQUENCE; Schema: public; Owner: postgres
--

ALTER TABLE public.users_user_groups ALTER COLUMN id ADD GENERATED BY DEFAULT AS IDENTITY (
    SEQUENCE NAME public.users_user_groups_id_seq
    START WITH 1
    INCREMENT BY 1
    NO MINVALUE
    NO MAXVALUE
    CACHE 1
);


--
-- TOC entry 248 (class 1259 OID 19472)
-- Name: users_user_user_permissions; Type: TABLE; Schema: public; Owner: postgres
--

CREATE TABLE public.users_user_user_permissions (
    id bigint NOT NULL,
    user_id uuid NOT NULL,
    permission_id integer NOT NULL
);


ALTER TABLE public.users_user_user_permissions OWNER TO postgres;

--
-- TOC entry 247 (class 1259 OID 19471)
-- Name: users_user_user_permissions_id_seq; Type: SEQUENCE; Schema: public; Owner: postgres
--

ALTER TABLE public.users_user_user_permissions ALTER COLUMN id ADD GENERATED BY DEFAULT AS IDENTITY (
    SEQUENCE NAME public.users_user_user_permissions_id_seq
    START WITH 1
    INCREMENT BY 1
    NO MINVALUE
    NO MAXVALUE
    CACHE 1
);


--
-- TOC entry 250 (class 1259 OID 19478)
-- Name: users_userrole; Type: TABLE; Schema: public; Owner: postgres
--

CREATE TABLE public.users_userrole (
    id bigint NOT NULL,
    role_id uuid NOT NULL,
    user_id uuid NOT NULL
);


ALTER TABLE public.users_userrole OWNER TO postgres;

--
-- TOC entry 249 (class 1259 OID 19477)
-- Name: users_userrole_id_seq; Type: SEQUENCE; Schema: public; Owner: postgres
--

ALTER TABLE public.users_userrole ALTER COLUMN id ADD GENERATED BY DEFAULT AS IDENTITY (
    SEQUENCE NAME public.users_userrole_id_seq
    START WITH 1
    INCREMENT BY 1
    NO MINVALUE
    NO MAXVALUE
    CACHE 1
);


--
-- TOC entry 5269 (class 0 OID 19553)
-- Dependencies: 254
-- Data for Name: auditlog_logentry; Type: TABLE DATA; Schema: public; Owner: postgres
--

COPY public.auditlog_logentry (id, object_pk, object_id, object_repr, action, changes, "timestamp", actor_id, content_type_id, remote_addr, additional_data, serialized_data, cid, changes_text) FROM stdin;
\.


--
-- TOC entry 5237 (class 0 OID 19322)
-- Dependencies: 222
-- Data for Name: auth_group; Type: TABLE DATA; Schema: public; Owner: postgres
--

COPY public.auth_group (id, name) FROM stdin;
\.


--
-- TOC entry 5239 (class 0 OID 19330)
-- Dependencies: 224
-- Data for Name: auth_group_permissions; Type: TABLE DATA; Schema: public; Owner: postgres
--

COPY public.auth_group_permissions (id, group_id, permission_id) FROM stdin;
\.


--
-- TOC entry 5235 (class 0 OID 19316)
-- Dependencies: 220
-- Data for Name: auth_permission; Type: TABLE DATA; Schema: public; Owner: postgres
--

COPY public.auth_permission (id, name, content_type_id, codename) FROM stdin;
1	Can add log entry	1	add_logentry
2	Can change log entry	1	change_logentry
3	Can delete log entry	1	delete_logentry
4	Can view log entry	1	view_logentry
5	Can add permission	2	add_permission
6	Can change permission	2	change_permission
7	Can delete permission	2	delete_permission
8	Can view permission	2	view_permission
9	Can add group	3	add_group
10	Can change group	3	change_group
11	Can delete group	3	delete_group
12	Can view group	3	view_group
13	Can add content type	4	add_contenttype
14	Can change content type	4	change_contenttype
15	Can delete content type	4	delete_contenttype
16	Can view content type	4	view_contenttype
17	Can add session	5	add_session
18	Can change session	5	change_session
19	Can delete session	5	delete_session
20	Can view session	5	view_session
21	Can add Token	6	add_token
22	Can change Token	6	change_token
23	Can delete Token	6	delete_token
24	Can view Token	6	view_token
25	Can add Token	7	add_tokenproxy
26	Can change Token	7	change_tokenproxy
27	Can delete Token	7	delete_tokenproxy
28	Can view Token	7	view_tokenproxy
29	Can add crontab	8	add_crontabschedule
30	Can change crontab	8	change_crontabschedule
31	Can delete crontab	8	delete_crontabschedule
32	Can view crontab	8	view_crontabschedule
33	Can add interval	9	add_intervalschedule
34	Can change interval	9	change_intervalschedule
35	Can delete interval	9	delete_intervalschedule
36	Can view interval	9	view_intervalschedule
37	Can add periodic task	10	add_periodictask
38	Can change periodic task	10	change_periodictask
39	Can delete periodic task	10	delete_periodictask
40	Can view periodic task	10	view_periodictask
41	Can add periodic task track	11	add_periodictasks
42	Can change periodic task track	11	change_periodictasks
43	Can delete periodic task track	11	delete_periodictasks
44	Can view periodic task track	11	view_periodictasks
45	Can add solar event	12	add_solarschedule
46	Can change solar event	12	change_solarschedule
47	Can delete solar event	12	delete_solarschedule
48	Can view solar event	12	view_solarschedule
49	Can add clocked	13	add_clockedschedule
50	Can change clocked	13	change_clockedschedule
51	Can delete clocked	13	delete_clockedschedule
52	Can view clocked	13	view_clockedschedule
53	Can add log entry	14	add_logentry
54	Can change log entry	14	change_logentry
55	Can delete log entry	14	delete_logentry
56	Can view log entry	14	view_logentry
57	Can add role	15	add_role
58	Can change role	15	change_role
59	Can delete role	15	delete_role
60	Can view role	15	view_role
61	Can add user	16	add_user
62	Can change user	16	change_user
63	Can delete user	16	delete_user
64	Can view user	16	view_user
65	Can add user role	17	add_userrole
66	Can change user role	17	change_userrole
67	Can delete user role	17	delete_userrole
68	Can view user role	17	view_userrole
69	Can add attendance	18	add_attendance
70	Can change attendance	18	change_attendance
71	Can delete attendance	18	delete_attendance
72	Can view attendance	18	view_attendance
73	Can add class	19	add_class
74	Can change class	19	change_class
75	Can delete class	19	delete_class
76	Can view class	19	view_class
77	Can add college	20	add_college
78	Can change college	20	change_college
79	Can delete college	20	delete_college
80	Can view college	20	view_college
81	Can add department	21	add_department
82	Can change department	21	change_department
83	Can delete department	21	delete_department
84	Can view department	21	view_department
85	Can add school year	22	add_schoolyear
86	Can change school year	22	change_schoolyear
87	Can delete school year	22	delete_schoolyear
88	Can view school year	22	view_schoolyear
89	Can add section	23	add_section
90	Can change section	23	change_section
91	Can delete section	23	delete_section
92	Can view section	23	view_section
93	Can add status	24	add_status
94	Can change status	24	change_status
95	Can delete status	24	delete_status
96	Can view status	24	view_status
97	Can add subject	25	add_subject
98	Can change subject	25	change_subject
99	Can delete subject	25	delete_subject
100	Can view subject	25	view_subject
101	Can add year level	26	add_yearlevel
102	Can change year level	26	change_yearlevel
103	Can delete year level	26	delete_yearlevel
104	Can view year level	26	view_yearlevel
105	Can add post	27	add_post
106	Can change post	27	change_post
107	Can delete post	27	delete_post
108	Can view post	27	view_post
109	Can add tbl event category	28	add_tbleventcategory
110	Can change tbl event category	28	change_tbleventcategory
111	Can delete tbl event category	28	delete_tbleventcategory
112	Can view tbl event category	28	view_tbleventcategory
113	Can add tbl event type	29	add_tbleventtype
114	Can change tbl event type	29	change_tbleventtype
115	Can delete tbl event type	29	delete_tbleventtype
116	Can view tbl event type	29	view_tbleventtype
117	Can add tbl setup	30	add_tblsetup
118	Can change tbl setup	30	change_tblsetup
119	Can delete tbl setup	30	delete_tblsetup
120	Can view tbl setup	30	view_tblsetup
121	Can add tblstudent org	31	add_tblstudentorg
122	Can change tblstudent org	31	change_tblstudentorg
123	Can delete tblstudent org	31	delete_tblstudentorg
124	Can view tblstudent org	31	view_tblstudentorg
125	Can add tbl venue	32	add_tblvenue
126	Can change tbl venue	32	change_tblvenue
127	Can delete tbl venue	32	delete_tblvenue
128	Can view tbl venue	32	view_tblvenue
129	Can add tbl event	33	add_tblevent
130	Can change tbl event	33	change_tblevent
131	Can delete tbl event	33	delete_tblevent
132	Can view tbl event	33	view_tblevent
133	Can add tbl event log	34	add_tbleventlog
134	Can change tbl event log	34	change_tbleventlog
135	Can delete tbl event log	34	delete_tbleventlog
136	Can view tbl event log	34	view_tbleventlog
137	Can add tbl event remarks	35	add_tbleventremarks
138	Can change tbl event remarks	35	change_tbleventremarks
139	Can delete tbl event remarks	35	delete_tbleventremarks
140	Can view tbl event remarks	35	view_tbleventremarks
141	Can add tbl semester	36	add_tblsemester
142	Can change tbl semester	36	change_tblsemester
143	Can delete tbl semester	36	delete_tblsemester
144	Can view tbl semester	36	view_tblsemester
145	Can add tbl event school year and semester	37	add_tbleventschoolyearandsemester
146	Can change tbl event school year and semester	37	change_tbleventschoolyearandsemester
147	Can delete tbl event school year and semester	37	delete_tbleventschoolyearandsemester
148	Can view tbl event school year and semester	37	view_tbleventschoolyearandsemester
\.


--
-- TOC entry 5270 (class 0 OID 19616)
-- Dependencies: 255
-- Data for Name: authtoken_token; Type: TABLE DATA; Schema: public; Owner: postgres
--

COPY public.authtoken_token (key, created, user_id) FROM stdin;
\.


--
-- TOC entry 5267 (class 0 OID 19532)
-- Dependencies: 252
-- Data for Name: django_admin_log; Type: TABLE DATA; Schema: public; Owner: postgres
--

COPY public.django_admin_log (id, action_time, object_id, object_repr, action_flag, change_message, content_type_id, user_id) FROM stdin;
1	2025-03-27 10:11:29.397277+08	1	CITC	1	[{"added": {}}]	20	f1f420fa-d729-4e51-abc2-2505db4dd418
2	2025-03-27 10:11:44.296267+08	1	IT	1	[{"added": {}}]	21	f1f420fa-d729-4e51-abc2-2505db4dd418
3	2025-03-27 10:12:10.714775+08	1	2024-2025	1	[{"added": {}}]	22	f1f420fa-d729-4e51-abc2-2505db4dd418
4	2025-03-27 10:12:29.717148+08	1	draft	1	[{"added": {}}]	24	f1f420fa-d729-4e51-abc2-2505db4dd418
5	2025-03-27 10:12:33.714306+08	2	postponed	1	[{"added": {}}]	24	f1f420fa-d729-4e51-abc2-2505db4dd418
6	2025-03-27 10:12:37.883408+08	3	cancelled	1	[{"added": {}}]	24	f1f420fa-d729-4e51-abc2-2505db4dd418
7	2025-03-27 10:12:42.034796+08	4	upcoming	1	[{"added": {}}]	24	f1f420fa-d729-4e51-abc2-2505db4dd418
8	2025-03-27 10:12:46.082751+08	5	done	1	[{"added": {}}]	24	f1f420fa-d729-4e51-abc2-2505db4dd418
9	2025-03-27 10:12:50.302014+08	6	ongoing	1	[{"added": {}}]	24	f1f420fa-d729-4e51-abc2-2505db4dd418
10	2025-03-27 10:12:53.480799+08	7	disapproved	1	[{"added": {}}]	24	f1f420fa-d729-4e51-abc2-2505db4dd418
11	2025-03-27 10:13:06.632935+08	1	Student Organization	1	[{"added": {}}]	28	f1f420fa-d729-4e51-abc2-2505db4dd418
12	2025-03-27 10:13:11.110269+08	2	Department	1	[{"added": {}}]	28	f1f420fa-d729-4e51-abc2-2505db4dd418
13	2025-03-27 10:13:14.434235+08	3	Exam	1	[{"added": {}}]	28	f1f420fa-d729-4e51-abc2-2505db4dd418
14	2025-03-27 10:13:17.570089+08	4	Personal	1	[{"added": {}}]	28	f1f420fa-d729-4e51-abc2-2505db4dd418
15	2025-03-27 10:13:20.733948+08	5	College	1	[{"added": {}}]	28	f1f420fa-d729-4e51-abc2-2505db4dd418
16	2025-03-27 10:13:23.883843+08	6	University	1	[{"added": {}}]	28	f1f420fa-d729-4e51-abc2-2505db4dd418
17	2025-03-27 10:13:56.001159+08	1	in-person	1	[{"added": {}}]	29	f1f420fa-d729-4e51-abc2-2505db4dd418
18	2025-03-27 10:14:00.301485+08	2	virtual	1	[{"added": {}}]	29	f1f420fa-d729-4e51-abc2-2505db4dd418
19	2025-03-27 10:14:03.86331+08	3	hybrid	1	[{"added": {}}]	29	f1f420fa-d729-4e51-abc2-2505db4dd418
20	2025-03-27 10:15:02.602064+08	1	2nd Semester - 2024-2025	1	[{"added": {}}]	36	f1f420fa-d729-4e51-abc2-2505db4dd418
21	2025-03-27 10:15:15.736874+08	1	in-person	1	[{"added": {}}]	30	f1f420fa-d729-4e51-abc2-2505db4dd418
22	2025-03-27 10:15:20.204788+08	2	virtual	1	[{"added": {}}]	30	f1f420fa-d729-4e51-abc2-2505db4dd418
23	2025-03-27 10:15:23.887098+08	3	hybrid	1	[{"added": {}}]	30	f1f420fa-d729-4e51-abc2-2505db4dd418
24	2025-03-27 10:15:41.154178+08	1	Non-School Activities	2	[{"changed": {"fields": ["EventTypeName"]}}]	29	f1f420fa-d729-4e51-abc2-2505db4dd418
25	2025-03-27 10:15:50.299279+08	2	Extracurricular Activities	2	[{"changed": {"fields": ["EventTypeName"]}}]	29	f1f420fa-d729-4e51-abc2-2505db4dd418
26	2025-03-27 10:15:56.688283+08	3	Non-Academic	2	[{"changed": {"fields": ["EventTypeName"]}}]	29	f1f420fa-d729-4e51-abc2-2505db4dd418
27	2025-03-27 10:16:03.188235+08	4	Academic	1	[{"added": {}}]	29	f1f420fa-d729-4e51-abc2-2505db4dd418
28	2025-03-27 10:16:30.572184+08	1	Gym	1	[{"added": {}}]	32	f1f420fa-d729-4e51-abc2-2505db4dd418
29	2025-03-27 10:17:13.290078+08	514667c3-d722-4558-9f17-c90aca17ae40	Admin	1	[{"added": {}}]	15	f1f420fa-d729-4e51-abc2-2505db4dd418
30	2025-03-27 10:17:18.648453+08	acc2fd0c-12e2-4d6d-bdf4-9b6263b60e7d	Dean	1	[{"added": {}}]	15	f1f420fa-d729-4e51-abc2-2505db4dd418
31	2025-03-27 10:17:28.240542+08	be18f5f2-fe14-4984-83a6-9ec5455d4540	Chairperson	1	[{"added": {}}]	15	f1f420fa-d729-4e51-abc2-2505db4dd418
32	2025-03-27 10:17:42.474271+08	772500c6-b3fc-448d-9969-b4c380fbd919	Faculty	1	[{"added": {}}]	15	f1f420fa-d729-4e51-abc2-2505db4dd418
33	2025-03-27 10:17:49.657661+08	51881834-d976-43a4-a89c-816d2f16c510	Student	1	[{"added": {}}]	15	f1f420fa-d729-4e51-abc2-2505db4dd418
34	2025-03-27 10:18:00.808202+08	3890d342-7e58-478e-8433-651d53700b85	Mother Org	1	[{"added": {}}]	15	f1f420fa-d729-4e51-abc2-2505db4dd418
35	2025-03-27 10:18:07.424845+08	31673a80-18d5-455d-a164-fb183751b71b	Unit Org	1	[{"added": {}}]	15	f1f420fa-d729-4e51-abc2-2505db4dd418
36	2025-03-27 10:19:55.769705+08	1	UserRole object (1)	1	[{"added": {}}]	17	f1f420fa-d729-4e51-abc2-2505db4dd418
\.


--
-- TOC entry 5281 (class 0 OID 19691)
-- Dependencies: 266
-- Data for Name: django_celery_beat_clockedschedule; Type: TABLE DATA; Schema: public; Owner: postgres
--

COPY public.django_celery_beat_clockedschedule (id, clocked_time) FROM stdin;
\.


--
-- TOC entry 5272 (class 0 OID 19630)
-- Dependencies: 257
-- Data for Name: django_celery_beat_crontabschedule; Type: TABLE DATA; Schema: public; Owner: postgres
--

COPY public.django_celery_beat_crontabschedule (id, minute, hour, day_of_week, day_of_month, month_of_year, timezone) FROM stdin;
\.


--
-- TOC entry 5274 (class 0 OID 19636)
-- Dependencies: 259
-- Data for Name: django_celery_beat_intervalschedule; Type: TABLE DATA; Schema: public; Owner: postgres
--

COPY public.django_celery_beat_intervalschedule (id, every, period) FROM stdin;
\.


--
-- TOC entry 5276 (class 0 OID 19642)
-- Dependencies: 261
-- Data for Name: django_celery_beat_periodictask; Type: TABLE DATA; Schema: public; Owner: postgres
--

COPY public.django_celery_beat_periodictask (id, name, task, args, kwargs, queue, exchange, routing_key, expires, enabled, last_run_at, total_run_count, date_changed, description, crontab_id, interval_id, solar_id, one_off, start_time, priority, headers, clocked_id, expire_seconds) FROM stdin;
\.


--
-- TOC entry 5277 (class 0 OID 19652)
-- Dependencies: 262
-- Data for Name: django_celery_beat_periodictasks; Type: TABLE DATA; Schema: public; Owner: postgres
--

COPY public.django_celery_beat_periodictasks (ident, last_update) FROM stdin;
\.


--
-- TOC entry 5279 (class 0 OID 19671)
-- Dependencies: 264
-- Data for Name: django_celery_beat_solarschedule; Type: TABLE DATA; Schema: public; Owner: postgres
--

COPY public.django_celery_beat_solarschedule (id, event, latitude, longitude) FROM stdin;
\.


--
-- TOC entry 5233 (class 0 OID 19118)
-- Dependencies: 218
-- Data for Name: django_content_type; Type: TABLE DATA; Schema: public; Owner: postgres
--

COPY public.django_content_type (id, app_label, model) FROM stdin;
1	admin	logentry
2	auth	permission
3	auth	group
4	contenttypes	contenttype
5	sessions	session
6	authtoken	token
7	authtoken	tokenproxy
8	django_celery_beat	crontabschedule
9	django_celery_beat	intervalschedule
10	django_celery_beat	periodictask
11	django_celery_beat	periodictasks
12	django_celery_beat	solarschedule
13	django_celery_beat	clockedschedule
14	auditlog	logentry
15	users	role
16	users	user
17	users	userrole
18	lms	attendance
19	lms	class
20	lms	college
21	lms	department
22	lms	schoolyear
23	lms	section
24	lms	status
25	lms	subject
26	lms	yearlevel
27	lms	post
28	unieventify	tbleventcategory
29	unieventify	tbleventtype
30	unieventify	tblsetup
31	unieventify	tblstudentorg
32	unieventify	tblvenue
33	unieventify	tblevent
34	unieventify	tbleventlog
35	unieventify	tbleventremarks
36	unieventify	tblsemester
37	unieventify	tbleventschoolyearandsemester
\.


--
-- TOC entry 5231 (class 0 OID 19110)
-- Dependencies: 216
-- Data for Name: django_migrations; Type: TABLE DATA; Schema: public; Owner: postgres
--

COPY public.django_migrations (id, app, name, applied) FROM stdin;
1	contenttypes	0001_initial	2025-03-27 09:30:17.068509+08
2	contenttypes	0002_remove_content_type_name	2025-03-27 09:38:22.87726+08
3	auth	0001_initial	2025-03-27 09:38:22.98323+08
4	auth	0002_alter_permission_name_max_length	2025-03-27 09:38:22.992582+08
5	auth	0003_alter_user_email_max_length	2025-03-27 09:38:22.992582+08
6	auth	0004_alter_user_username_opts	2025-03-27 09:38:23.000592+08
7	auth	0005_alter_user_last_login_null	2025-03-27 09:38:23.008587+08
8	auth	0006_require_contenttypes_0002	2025-03-27 09:38:23.015304+08
9	auth	0007_alter_validators_add_error_messages	2025-03-27 09:38:23.019031+08
10	auth	0008_alter_user_username_max_length	2025-03-27 09:38:23.030345+08
11	auth	0009_alter_user_last_name_max_length	2025-03-27 09:38:23.037777+08
12	auth	0010_alter_group_name_max_length	2025-03-27 09:38:23.054814+08
13	auth	0011_update_proxy_permissions	2025-03-27 09:38:23.077573+08
14	auth	0012_alter_user_first_name_max_length	2025-03-27 09:38:23.083555+08
15	lms	0001_initial	2025-03-27 10:07:35.247735+08
16	users	0001_initial	2025-03-27 10:07:35.411732+08
17	admin	0001_initial	2025-03-27 10:07:35.466515+08
18	admin	0002_logentry_remove_auto_add	2025-03-27 10:07:35.474666+08
19	admin	0003_logentry_add_action_flag_choices	2025-03-27 10:07:35.506045+08
20	auditlog	0001_initial	2025-03-27 10:07:35.558112+08
21	auditlog	0002_auto_support_long_primary_keys	2025-03-27 10:07:35.62281+08
22	auditlog	0003_logentry_remote_addr	2025-03-27 10:07:35.655685+08
23	auditlog	0004_logentry_detailed_object_repr	2025-03-27 10:07:35.675581+08
24	auditlog	0005_logentry_additional_data_verbose_name	2025-03-27 10:07:35.703187+08
25	auditlog	0006_object_pk_index	2025-03-27 10:07:35.756018+08
26	auditlog	0007_object_pk_type	2025-03-27 10:07:35.797362+08
27	auditlog	0008_action_index	2025-03-27 10:07:35.823357+08
28	auditlog	0009_alter_logentry_additional_data	2025-03-27 10:07:35.850626+08
29	auditlog	0010_alter_logentry_timestamp	2025-03-27 10:07:35.884345+08
30	auditlog	0011_logentry_serialized_data	2025-03-27 10:07:35.906036+08
31	auditlog	0012_add_logentry_action_access	2025-03-27 10:07:35.930693+08
32	auditlog	0013_alter_logentry_timestamp	2025-03-27 10:07:35.950381+08
33	auditlog	0014_logentry_cid	2025-03-27 10:07:35.982016+08
34	auditlog	0015_alter_logentry_changes	2025-03-27 10:07:36.056407+08
35	authtoken	0001_initial	2025-03-27 10:07:36.109387+08
36	authtoken	0002_auto_20160226_1747	2025-03-27 10:07:36.173072+08
37	authtoken	0003_tokenproxy	2025-03-27 10:07:36.173072+08
38	authtoken	0004_alter_tokenproxy_options	2025-03-27 10:07:36.181077+08
39	django_celery_beat	0001_initial	2025-03-27 10:07:36.256045+08
40	django_celery_beat	0002_auto_20161118_0346	2025-03-27 10:07:36.282075+08
41	django_celery_beat	0003_auto_20161209_0049	2025-03-27 10:07:36.305772+08
42	django_celery_beat	0004_auto_20170221_0000	2025-03-27 10:07:36.309553+08
43	django_celery_beat	0005_add_solarschedule_events_choices	2025-03-27 10:07:36.322695+08
44	django_celery_beat	0006_auto_20180322_0932	2025-03-27 10:07:36.422424+08
45	django_celery_beat	0007_auto_20180521_0826	2025-03-27 10:07:36.458267+08
46	django_celery_beat	0008_auto_20180914_1922	2025-03-27 10:07:36.547219+08
47	django_celery_beat	0006_auto_20180210_1226	2025-03-27 10:07:36.624964+08
48	django_celery_beat	0006_periodictask_priority	2025-03-27 10:07:36.658089+08
49	django_celery_beat	0009_periodictask_headers	2025-03-27 10:07:36.675378+08
50	django_celery_beat	0010_auto_20190429_0326	2025-03-27 10:07:37.015929+08
51	django_celery_beat	0011_auto_20190508_0153	2025-03-27 10:07:37.046079+08
52	django_celery_beat	0012_periodictask_expire_seconds	2025-03-27 10:07:37.056713+08
53	django_celery_beat	0013_auto_20200609_0727	2025-03-27 10:07:37.090796+08
54	django_celery_beat	0014_remove_clockedschedule_enabled	2025-03-27 10:07:37.106936+08
55	django_celery_beat	0015_edit_solarschedule_events_choices	2025-03-27 10:07:37.117696+08
56	django_celery_beat	0016_alter_crontabschedule_timezone	2025-03-27 10:07:37.140688+08
57	django_celery_beat	0017_alter_crontabschedule_month_of_year	2025-03-27 10:07:37.151325+08
58	django_celery_beat	0018_improve_crontab_helptext	2025-03-27 10:07:37.168922+08
59	django_celery_beat	0019_alter_periodictasks_options	2025-03-27 10:07:37.173405+08
60	lms	0002_initial	2025-03-27 10:07:37.56462+08
61	lms	0003_schoolyear_endyear_schoolyear_startyear_and_more	2025-03-27 10:07:37.80619+08
62	lms	0004_alter_status_name	2025-03-27 10:07:37.998385+08
63	lms	0005_alter_department_college_post	2025-03-27 10:07:38.135041+08
64	lms	0006_delete_post	2025-03-27 10:07:38.143184+08
65	lms	0007_post	2025-03-27 10:07:38.231666+08
66	lms	0005_alter_department_college	2025-03-27 10:07:38.279665+08
67	lms	0008_merge_0005_alter_department_college_0007_post	2025-03-27 10:07:38.287667+08
68	sessions	0001_initial	2025-03-27 10:07:38.319666+08
69	unieventify	0001_initial	2025-03-27 10:07:38.999577+08
70	unieventify	0002_alter_tblevent_status_delete_tblstatus	2025-03-27 10:07:39.101619+08
71	users	0002_role_rank	2025-03-27 10:07:39.12355+08
72	users	0003_user_organization_user_section	2025-03-27 10:07:39.269033+08
73	users	0004_alter_user_organization_alter_user_section	2025-03-27 10:07:39.452435+08
\.


--
-- TOC entry 5285 (class 0 OID 19827)
-- Dependencies: 270
-- Data for Name: django_session; Type: TABLE DATA; Schema: public; Owner: postgres
--

COPY public.django_session (session_key, session_data, expire_date) FROM stdin;
2wrybk3d9v7zdplhad6tuj4q9mtrw84o	.eJxVzDsOwjAQRdG9uMaWPfH4Q0nPGqIZj0MCKJHyqRB7h0gpoH73vJdqaVv7dlvq3A6izqpznQfbkZYIWfuKThMX0IAWhb2Id0mdfhlTedRxt3Kn8TaZMo3rPLDZE3Osi7lOUp-Xo_076Gnpv5ogJqouet9gtWItcwTngQLmRCQhMUhEFrY5lJSpwZSyoAtCJXtU7w_6lkDb:1txci7:OAYM7XiGEOUZMu9dnssYOmNTSZRhYAoXwMuU_lNO-y0	2025-04-10 10:11:11.497026+08
\.


--
-- TOC entry 5241 (class 0 OID 19396)
-- Dependencies: 226
-- Data for Name: lms_attendance; Type: TABLE DATA; Schema: public; Owner: postgres
--

COPY public.lms_attendance (id, is_present, date, student_id, classroom_id, status_id) FROM stdin;
\.


--
-- TOC entry 5243 (class 0 OID 19402)
-- Dependencies: 228
-- Data for Name: lms_class; Type: TABLE DATA; Schema: public; Owner: postgres
--

COPY public.lms_class (id, is_active, teacher_id, department_id, school_year_id, section_id, subject_id, year_level_id) FROM stdin;
\.


--
-- TOC entry 5283 (class 0 OID 19709)
-- Dependencies: 268
-- Data for Name: lms_class_students; Type: TABLE DATA; Schema: public; Owner: postgres
--

COPY public.lms_class_students (id, class_id, user_id) FROM stdin;
\.


--
-- TOC entry 5245 (class 0 OID 19408)
-- Dependencies: 230
-- Data for Name: lms_college; Type: TABLE DATA; Schema: public; Owner: postgres
--

COPY public.lms_college (id, name, code) FROM stdin;
1	CITC	201
\.


--
-- TOC entry 5247 (class 0 OID 19414)
-- Dependencies: 232
-- Data for Name: lms_department; Type: TABLE DATA; Schema: public; Owner: postgres
--

COPY public.lms_department (id, name, code, college_id) FROM stdin;
1	IT	211	1
\.


--
-- TOC entry 5284 (class 0 OID 19814)
-- Dependencies: 269
-- Data for Name: lms_post; Type: TABLE DATA; Schema: public; Owner: postgres
--

COPY public.lms_post (uuid, description, "timestamp", image, created_by_id) FROM stdin;
\.


--
-- TOC entry 5249 (class 0 OID 19420)
-- Dependencies: 234
-- Data for Name: lms_schoolyear; Type: TABLE DATA; Schema: public; Owner: postgres
--

COPY public.lms_schoolyear (id, name, "endYear", "startYear") FROM stdin;
1	2024-2025	2025	2024
\.


--
-- TOC entry 5251 (class 0 OID 19426)
-- Dependencies: 236
-- Data for Name: lms_section; Type: TABLE DATA; Schema: public; Owner: postgres
--

COPY public.lms_section (id, section, "tblYearLevel_id") FROM stdin;
\.


--
-- TOC entry 5253 (class 0 OID 19432)
-- Dependencies: 238
-- Data for Name: lms_status; Type: TABLE DATA; Schema: public; Owner: postgres
--

COPY public.lms_status (id, name) FROM stdin;
1	draft
2	postponed
3	cancelled
4	upcoming
5	done
6	ongoing
7	disapproved
\.


--
-- TOC entry 5255 (class 0 OID 19438)
-- Dependencies: 240
-- Data for Name: lms_subject; Type: TABLE DATA; Schema: public; Owner: postgres
--

COPY public.lms_subject (id, name, code, department_id, year_level_id) FROM stdin;
\.


--
-- TOC entry 5257 (class 0 OID 19444)
-- Dependencies: 242
-- Data for Name: lms_yearlevel; Type: TABLE DATA; Schema: public; Owner: postgres
--

COPY public.lms_yearlevel (id, level) FROM stdin;
\.


--
-- TOC entry 5297 (class 0 OID 19877)
-- Dependencies: 282
-- Data for Name: unieventify_tblevent; Type: TABLE DATA; Schema: public; Owner: postgres
--

COPY public.unieventify_tblevent (id, meetinglink, "eventName", "eventDescription", "startDateTime", "endDateTime", "timestamp", "approveDocuments", images, "isAnnouncement", "isAprrovedByDean", "isAprrovedByChairman", "majorEvent", recurrence_type, recurrence_days, created_by_id, "eventCategory_id", "eventType_id", setup_id, status_id, venue_id) FROM stdin;
\.


--
-- TOC entry 5299 (class 0 OID 19885)
-- Dependencies: 284
-- Data for Name: unieventify_tblevent_department; Type: TABLE DATA; Schema: public; Owner: postgres
--

COPY public.unieventify_tblevent_department (id, tblevent_id, department_id) FROM stdin;
\.


--
-- TOC entry 5301 (class 0 OID 19891)
-- Dependencies: 286
-- Data for Name: unieventify_tblevent_participants; Type: TABLE DATA; Schema: public; Owner: postgres
--

COPY public.unieventify_tblevent_participants (id, tblevent_id, user_id) FROM stdin;
\.


--
-- TOC entry 5287 (class 0 OID 19837)
-- Dependencies: 272
-- Data for Name: unieventify_tbleventcategory; Type: TABLE DATA; Schema: public; Owner: postgres
--

COPY public.unieventify_tbleventcategory (id, "eventCategoryName") FROM stdin;
1	Student Organization
2	Department
3	Exam
4	Personal
5	College
6	University
\.


--
-- TOC entry 5303 (class 0 OID 19897)
-- Dependencies: 288
-- Data for Name: unieventify_tbleventlog; Type: TABLE DATA; Schema: public; Owner: postgres
--

COPY public.unieventify_tbleventlog (id, is_read, created_at, event_id, user_id) FROM stdin;
\.


--
-- TOC entry 5305 (class 0 OID 19903)
-- Dependencies: 290
-- Data for Name: unieventify_tbleventremarks; Type: TABLE DATA; Schema: public; Owner: postgres
--

COPY public.unieventify_tbleventremarks (id, remark, events_id) FROM stdin;
\.


--
-- TOC entry 5309 (class 0 OID 19917)
-- Dependencies: 294
-- Data for Name: unieventify_tbleventschoolyearandsemester; Type: TABLE DATA; Schema: public; Owner: postgres
--

COPY public.unieventify_tbleventschoolyearandsemester (id, semester_id) FROM stdin;
\.


--
-- TOC entry 5311 (class 0 OID 19923)
-- Dependencies: 296
-- Data for Name: unieventify_tbleventschoolyearandsemester_events; Type: TABLE DATA; Schema: public; Owner: postgres
--

COPY public.unieventify_tbleventschoolyearandsemester_events (id, tbleventschoolyearandsemester_id, tblevent_id) FROM stdin;
\.


--
-- TOC entry 5289 (class 0 OID 19843)
-- Dependencies: 274
-- Data for Name: unieventify_tbleventtype; Type: TABLE DATA; Schema: public; Owner: postgres
--

COPY public.unieventify_tbleventtype (id, "eventTypeName") FROM stdin;
1	Non-School Activities
2	Extracurricular Activities
3	Non-Academic
4	Academic
\.


--
-- TOC entry 5307 (class 0 OID 19911)
-- Dependencies: 292
-- Data for Name: unieventify_tblsemester; Type: TABLE DATA; Schema: public; Owner: postgres
--

COPY public.unieventify_tblsemester (id, "semesterName", "startDate", "endDate", "schoolYear_id") FROM stdin;
1	2nd Semester	2025-01-06	2025-07-18	1
\.


--
-- TOC entry 5291 (class 0 OID 19849)
-- Dependencies: 276
-- Data for Name: unieventify_tblsetup; Type: TABLE DATA; Schema: public; Owner: postgres
--

COPY public.unieventify_tblsetup (id, "setupName") FROM stdin;
1	in-person
2	virtual
3	hybrid
\.


--
-- TOC entry 5293 (class 0 OID 19861)
-- Dependencies: 278
-- Data for Name: unieventify_tblstudentorg; Type: TABLE DATA; Schema: public; Owner: postgres
--

COPY public.unieventify_tblstudentorg (id, "studentOrgType", "studentOrgName") FROM stdin;
\.


--
-- TOC entry 5295 (class 0 OID 19869)
-- Dependencies: 280
-- Data for Name: unieventify_tblvenue; Type: TABLE DATA; Schema: public; Owner: postgres
--

COPY public.unieventify_tblvenue (id, "venueName", location) FROM stdin;
1	Gym	Gym
\.


--
-- TOC entry 5258 (class 0 OID 19449)
-- Dependencies: 243
-- Data for Name: users_role; Type: TABLE DATA; Schema: public; Owner: postgres
--

COPY public.users_role (uuid, name, rank) FROM stdin;
514667c3-d722-4558-9f17-c90aca17ae40	Admin	1
acc2fd0c-12e2-4d6d-bdf4-9b6263b60e7d	Dean	2
be18f5f2-fe14-4984-83a6-9ec5455d4540	Chairperson	3
772500c6-b3fc-448d-9969-b4c380fbd919	Faculty	4
51881834-d976-43a4-a89c-816d2f16c510	Student	5
3890d342-7e58-478e-8433-651d53700b85	Mother Org	2
31673a80-18d5-455d-a164-fb183751b71b	Unit Org	3
\.


--
-- TOC entry 5259 (class 0 OID 19454)
-- Dependencies: 244
-- Data for Name: users_user; Type: TABLE DATA; Schema: public; Owner: postgres
--

COPY public.users_user (password, last_login, email, uuid, first_name, last_name, middle_name, suffix, id_number, date_of_birth, avatar, is_student, is_employee, is_develop, is_active, is_staff, is_superuser, date_joined, department_id, organization_id, section_id) FROM stdin;
pbkdf2_sha256$720000$U3WGLvNNVCQdZ7CpIL2Aaa$wsnhEL1WuO3sExTHawLexDHXd6r+pNdPmZCtyAOUClg=	2025-03-27 10:11:11.497026+08	admin@gmail.com	f1f420fa-d729-4e51-abc2-2505db4dd418	Admin	Super	\N		2021300610	\N		f	f	f	t	t	t	2025-03-27 10:10:51.860055+08	\N	\N	\N
\.


--
-- TOC entry 5261 (class 0 OID 19466)
-- Dependencies: 246
-- Data for Name: users_user_groups; Type: TABLE DATA; Schema: public; Owner: postgres
--

COPY public.users_user_groups (id, user_id, group_id) FROM stdin;
\.


--
-- TOC entry 5263 (class 0 OID 19472)
-- Dependencies: 248
-- Data for Name: users_user_user_permissions; Type: TABLE DATA; Schema: public; Owner: postgres
--

COPY public.users_user_user_permissions (id, user_id, permission_id) FROM stdin;
\.


--
-- TOC entry 5265 (class 0 OID 19478)
-- Dependencies: 250
-- Data for Name: users_userrole; Type: TABLE DATA; Schema: public; Owner: postgres
--

COPY public.users_userrole (id, role_id, user_id) FROM stdin;
1	514667c3-d722-4558-9f17-c90aca17ae40	f1f420fa-d729-4e51-abc2-2505db4dd418
\.


--
-- TOC entry 5318 (class 0 OID 0)
-- Dependencies: 253
-- Name: auditlog_logentry_id_seq; Type: SEQUENCE SET; Schema: public; Owner: postgres
--

SELECT pg_catalog.setval('public.auditlog_logentry_id_seq', 1, false);


--
-- TOC entry 5319 (class 0 OID 0)
-- Dependencies: 221
-- Name: auth_group_id_seq; Type: SEQUENCE SET; Schema: public; Owner: postgres
--

SELECT pg_catalog.setval('public.auth_group_id_seq', 1, false);


--
-- TOC entry 5320 (class 0 OID 0)
-- Dependencies: 223
-- Name: auth_group_permissions_id_seq; Type: SEQUENCE SET; Schema: public; Owner: postgres
--

SELECT pg_catalog.setval('public.auth_group_permissions_id_seq', 1, false);


--
-- TOC entry 5321 (class 0 OID 0)
-- Dependencies: 219
-- Name: auth_permission_id_seq; Type: SEQUENCE SET; Schema: public; Owner: postgres
--

SELECT pg_catalog.setval('public.auth_permission_id_seq', 148, true);


--
-- TOC entry 5322 (class 0 OID 0)
-- Dependencies: 251
-- Name: django_admin_log_id_seq; Type: SEQUENCE SET; Schema: public; Owner: postgres
--

SELECT pg_catalog.setval('public.django_admin_log_id_seq', 36, true);


--
-- TOC entry 5323 (class 0 OID 0)
-- Dependencies: 265
-- Name: django_celery_beat_clockedschedule_id_seq; Type: SEQUENCE SET; Schema: public; Owner: postgres
--

SELECT pg_catalog.setval('public.django_celery_beat_clockedschedule_id_seq', 1, false);


--
-- TOC entry 5324 (class 0 OID 0)
-- Dependencies: 256
-- Name: django_celery_beat_crontabschedule_id_seq; Type: SEQUENCE SET; Schema: public; Owner: postgres
--

SELECT pg_catalog.setval('public.django_celery_beat_crontabschedule_id_seq', 1, false);


--
-- TOC entry 5325 (class 0 OID 0)
-- Dependencies: 258
-- Name: django_celery_beat_intervalschedule_id_seq; Type: SEQUENCE SET; Schema: public; Owner: postgres
--

SELECT pg_catalog.setval('public.django_celery_beat_intervalschedule_id_seq', 1, false);


--
-- TOC entry 5326 (class 0 OID 0)
-- Dependencies: 260
-- Name: django_celery_beat_periodictask_id_seq; Type: SEQUENCE SET; Schema: public; Owner: postgres
--

SELECT pg_catalog.setval('public.django_celery_beat_periodictask_id_seq', 1, false);


--
-- TOC entry 5327 (class 0 OID 0)
-- Dependencies: 263
-- Name: django_celery_beat_solarschedule_id_seq; Type: SEQUENCE SET; Schema: public; Owner: postgres
--

SELECT pg_catalog.setval('public.django_celery_beat_solarschedule_id_seq', 1, false);


--
-- TOC entry 5328 (class 0 OID 0)
-- Dependencies: 217
-- Name: django_content_type_id_seq; Type: SEQUENCE SET; Schema: public; Owner: postgres
--

SELECT pg_catalog.setval('public.django_content_type_id_seq', 37, true);


--
-- TOC entry 5329 (class 0 OID 0)
-- Dependencies: 215
-- Name: django_migrations_id_seq; Type: SEQUENCE SET; Schema: public; Owner: postgres
--

SELECT pg_catalog.setval('public.django_migrations_id_seq', 73, true);


--
-- TOC entry 5330 (class 0 OID 0)
-- Dependencies: 225
-- Name: lms_attendance_id_seq; Type: SEQUENCE SET; Schema: public; Owner: postgres
--

SELECT pg_catalog.setval('public.lms_attendance_id_seq', 1, false);


--
-- TOC entry 5331 (class 0 OID 0)
-- Dependencies: 227
-- Name: lms_class_id_seq; Type: SEQUENCE SET; Schema: public; Owner: postgres
--

SELECT pg_catalog.setval('public.lms_class_id_seq', 1, false);


--
-- TOC entry 5332 (class 0 OID 0)
-- Dependencies: 267
-- Name: lms_class_students_id_seq; Type: SEQUENCE SET; Schema: public; Owner: postgres
--

SELECT pg_catalog.setval('public.lms_class_students_id_seq', 1, false);


--
-- TOC entry 5333 (class 0 OID 0)
-- Dependencies: 229
-- Name: lms_college_id_seq; Type: SEQUENCE SET; Schema: public; Owner: postgres
--

SELECT pg_catalog.setval('public.lms_college_id_seq', 1, true);


--
-- TOC entry 5334 (class 0 OID 0)
-- Dependencies: 231
-- Name: lms_department_id_seq; Type: SEQUENCE SET; Schema: public; Owner: postgres
--

SELECT pg_catalog.setval('public.lms_department_id_seq', 1, true);


--
-- TOC entry 5335 (class 0 OID 0)
-- Dependencies: 233
-- Name: lms_schoolyear_id_seq; Type: SEQUENCE SET; Schema: public; Owner: postgres
--

SELECT pg_catalog.setval('public.lms_schoolyear_id_seq', 1, true);


--
-- TOC entry 5336 (class 0 OID 0)
-- Dependencies: 235
-- Name: lms_section_id_seq; Type: SEQUENCE SET; Schema: public; Owner: postgres
--

SELECT pg_catalog.setval('public.lms_section_id_seq', 1, false);


--
-- TOC entry 5337 (class 0 OID 0)
-- Dependencies: 237
-- Name: lms_status_id_seq; Type: SEQUENCE SET; Schema: public; Owner: postgres
--

SELECT pg_catalog.setval('public.lms_status_id_seq', 7, true);


--
-- TOC entry 5338 (class 0 OID 0)
-- Dependencies: 239
-- Name: lms_subject_id_seq; Type: SEQUENCE SET; Schema: public; Owner: postgres
--

SELECT pg_catalog.setval('public.lms_subject_id_seq', 1, false);


--
-- TOC entry 5339 (class 0 OID 0)
-- Dependencies: 241
-- Name: lms_yearlevel_id_seq; Type: SEQUENCE SET; Schema: public; Owner: postgres
--

SELECT pg_catalog.setval('public.lms_yearlevel_id_seq', 1, false);


--
-- TOC entry 5340 (class 0 OID 0)
-- Dependencies: 283
-- Name: unieventify_tblevent_department_id_seq; Type: SEQUENCE SET; Schema: public; Owner: postgres
--

SELECT pg_catalog.setval('public.unieventify_tblevent_department_id_seq', 1, false);


--
-- TOC entry 5341 (class 0 OID 0)
-- Dependencies: 281
-- Name: unieventify_tblevent_id_seq; Type: SEQUENCE SET; Schema: public; Owner: postgres
--

SELECT pg_catalog.setval('public.unieventify_tblevent_id_seq', 1, false);


--
-- TOC entry 5342 (class 0 OID 0)
-- Dependencies: 285
-- Name: unieventify_tblevent_participants_id_seq; Type: SEQUENCE SET; Schema: public; Owner: postgres
--

SELECT pg_catalog.setval('public.unieventify_tblevent_participants_id_seq', 1, false);


--
-- TOC entry 5343 (class 0 OID 0)
-- Dependencies: 271
-- Name: unieventify_tbleventcategory_id_seq; Type: SEQUENCE SET; Schema: public; Owner: postgres
--

SELECT pg_catalog.setval('public.unieventify_tbleventcategory_id_seq', 6, true);


--
-- TOC entry 5344 (class 0 OID 0)
-- Dependencies: 287
-- Name: unieventify_tbleventlog_id_seq; Type: SEQUENCE SET; Schema: public; Owner: postgres
--

SELECT pg_catalog.setval('public.unieventify_tbleventlog_id_seq', 1, false);


--
-- TOC entry 5345 (class 0 OID 0)
-- Dependencies: 289
-- Name: unieventify_tbleventremarks_id_seq; Type: SEQUENCE SET; Schema: public; Owner: postgres
--

SELECT pg_catalog.setval('public.unieventify_tbleventremarks_id_seq', 1, false);


--
-- TOC entry 5346 (class 0 OID 0)
-- Dependencies: 295
-- Name: unieventify_tbleventschoolyearandsemester_events_id_seq; Type: SEQUENCE SET; Schema: public; Owner: postgres
--

SELECT pg_catalog.setval('public.unieventify_tbleventschoolyearandsemester_events_id_seq', 1, false);


--
-- TOC entry 5347 (class 0 OID 0)
-- Dependencies: 293
-- Name: unieventify_tbleventschoolyearandsemester_id_seq; Type: SEQUENCE SET; Schema: public; Owner: postgres
--

SELECT pg_catalog.setval('public.unieventify_tbleventschoolyearandsemester_id_seq', 1, false);


--
-- TOC entry 5348 (class 0 OID 0)
-- Dependencies: 273
-- Name: unieventify_tbleventtype_id_seq; Type: SEQUENCE SET; Schema: public; Owner: postgres
--

SELECT pg_catalog.setval('public.unieventify_tbleventtype_id_seq', 4, true);


--
-- TOC entry 5349 (class 0 OID 0)
-- Dependencies: 291
-- Name: unieventify_tblsemester_id_seq; Type: SEQUENCE SET; Schema: public; Owner: postgres
--

SELECT pg_catalog.setval('public.unieventify_tblsemester_id_seq', 1, true);


--
-- TOC entry 5350 (class 0 OID 0)
-- Dependencies: 275
-- Name: unieventify_tblsetup_id_seq; Type: SEQUENCE SET; Schema: public; Owner: postgres
--

SELECT pg_catalog.setval('public.unieventify_tblsetup_id_seq', 3, true);


--
-- TOC entry 5351 (class 0 OID 0)
-- Dependencies: 277
-- Name: unieventify_tblstudentorg_id_seq; Type: SEQUENCE SET; Schema: public; Owner: postgres
--

SELECT pg_catalog.setval('public.unieventify_tblstudentorg_id_seq', 1, false);


--
-- TOC entry 5352 (class 0 OID 0)
-- Dependencies: 279
-- Name: unieventify_tblvenue_id_seq; Type: SEQUENCE SET; Schema: public; Owner: postgres
--

SELECT pg_catalog.setval('public.unieventify_tblvenue_id_seq', 1, true);


--
-- TOC entry 5353 (class 0 OID 0)
-- Dependencies: 245
-- Name: users_user_groups_id_seq; Type: SEQUENCE SET; Schema: public; Owner: postgres
--

SELECT pg_catalog.setval('public.users_user_groups_id_seq', 1, false);


--
-- TOC entry 5354 (class 0 OID 0)
-- Dependencies: 247
-- Name: users_user_user_permissions_id_seq; Type: SEQUENCE SET; Schema: public; Owner: postgres
--

SELECT pg_catalog.setval('public.users_user_user_permissions_id_seq', 1, false);


--
-- TOC entry 5355 (class 0 OID 0)
-- Dependencies: 249
-- Name: users_userrole_id_seq; Type: SEQUENCE SET; Schema: public; Owner: postgres
--

SELECT pg_catalog.setval('public.users_userrole_id_seq', 1, true);


--
-- TOC entry 4943 (class 2606 OID 19561)
-- Name: auditlog_logentry auditlog_logentry_pkey; Type: CONSTRAINT; Schema: public; Owner: postgres
--

ALTER TABLE ONLY public.auditlog_logentry
    ADD CONSTRAINT auditlog_logentry_pkey PRIMARY KEY (id);


--
-- TOC entry 4861 (class 2606 OID 19359)
-- Name: auth_group auth_group_name_key; Type: CONSTRAINT; Schema: public; Owner: postgres
--

ALTER TABLE ONLY public.auth_group
    ADD CONSTRAINT auth_group_name_key UNIQUE (name);


--
-- TOC entry 4866 (class 2606 OID 19345)
-- Name: auth_group_permissions auth_group_permissions_group_id_permission_id_0cd325b0_uniq; Type: CONSTRAINT; Schema: public; Owner: postgres
--

ALTER TABLE ONLY public.auth_group_permissions
    ADD CONSTRAINT auth_group_permissions_group_id_permission_id_0cd325b0_uniq UNIQUE (group_id, permission_id);


--
-- TOC entry 4869 (class 2606 OID 19334)
-- Name: auth_group_permissions auth_group_permissions_pkey; Type: CONSTRAINT; Schema: public; Owner: postgres
--

ALTER TABLE ONLY public.auth_group_permissions
    ADD CONSTRAINT auth_group_permissions_pkey PRIMARY KEY (id);


--
-- TOC entry 4863 (class 2606 OID 19326)
-- Name: auth_group auth_group_pkey; Type: CONSTRAINT; Schema: public; Owner: postgres
--

ALTER TABLE ONLY public.auth_group
    ADD CONSTRAINT auth_group_pkey PRIMARY KEY (id);


--
-- TOC entry 4856 (class 2606 OID 19336)
-- Name: auth_permission auth_permission_content_type_id_codename_01ab375a_uniq; Type: CONSTRAINT; Schema: public; Owner: postgres
--

ALTER TABLE ONLY public.auth_permission
    ADD CONSTRAINT auth_permission_content_type_id_codename_01ab375a_uniq UNIQUE (content_type_id, codename);


--
-- TOC entry 4858 (class 2606 OID 19320)
-- Name: auth_permission auth_permission_pkey; Type: CONSTRAINT; Schema: public; Owner: postgres
--

ALTER TABLE ONLY public.auth_permission
    ADD CONSTRAINT auth_permission_pkey PRIMARY KEY (id);


--
-- TOC entry 4947 (class 2606 OID 19620)
-- Name: authtoken_token authtoken_token_pkey; Type: CONSTRAINT; Schema: public; Owner: postgres
--

ALTER TABLE ONLY public.authtoken_token
    ADD CONSTRAINT authtoken_token_pkey PRIMARY KEY (key);


--
-- TOC entry 4949 (class 2606 OID 19622)
-- Name: authtoken_token authtoken_token_user_id_key; Type: CONSTRAINT; Schema: public; Owner: postgres
--

ALTER TABLE ONLY public.authtoken_token
    ADD CONSTRAINT authtoken_token_user_id_key UNIQUE (user_id);


--
-- TOC entry 4932 (class 2606 OID 19539)
-- Name: django_admin_log django_admin_log_pkey; Type: CONSTRAINT; Schema: public; Owner: postgres
--

ALTER TABLE ONLY public.django_admin_log
    ADD CONSTRAINT django_admin_log_pkey PRIMARY KEY (id);


--
-- TOC entry 4970 (class 2606 OID 19695)
-- Name: django_celery_beat_clockedschedule django_celery_beat_clockedschedule_pkey; Type: CONSTRAINT; Schema: public; Owner: postgres
--

ALTER TABLE ONLY public.django_celery_beat_clockedschedule
    ADD CONSTRAINT django_celery_beat_clockedschedule_pkey PRIMARY KEY (id);


--
-- TOC entry 4951 (class 2606 OID 19634)
-- Name: django_celery_beat_crontabschedule django_celery_beat_crontabschedule_pkey; Type: CONSTRAINT; Schema: public; Owner: postgres
--

ALTER TABLE ONLY public.django_celery_beat_crontabschedule
    ADD CONSTRAINT django_celery_beat_crontabschedule_pkey PRIMARY KEY (id);


--
-- TOC entry 4953 (class 2606 OID 19640)
-- Name: django_celery_beat_intervalschedule django_celery_beat_intervalschedule_pkey; Type: CONSTRAINT; Schema: public; Owner: postgres
--

ALTER TABLE ONLY public.django_celery_beat_intervalschedule
    ADD CONSTRAINT django_celery_beat_intervalschedule_pkey PRIMARY KEY (id);


--
-- TOC entry 4959 (class 2606 OID 19651)
-- Name: django_celery_beat_periodictask django_celery_beat_periodictask_name_key; Type: CONSTRAINT; Schema: public; Owner: postgres
--

ALTER TABLE ONLY public.django_celery_beat_periodictask
    ADD CONSTRAINT django_celery_beat_periodictask_name_key UNIQUE (name);


--
-- TOC entry 4961 (class 2606 OID 19649)
-- Name: django_celery_beat_periodictask django_celery_beat_periodictask_pkey; Type: CONSTRAINT; Schema: public; Owner: postgres
--

ALTER TABLE ONLY public.django_celery_beat_periodictask
    ADD CONSTRAINT django_celery_beat_periodictask_pkey PRIMARY KEY (id);


--
-- TOC entry 4964 (class 2606 OID 19656)
-- Name: django_celery_beat_periodictasks django_celery_beat_periodictasks_pkey; Type: CONSTRAINT; Schema: public; Owner: postgres
--

ALTER TABLE ONLY public.django_celery_beat_periodictasks
    ADD CONSTRAINT django_celery_beat_periodictasks_pkey PRIMARY KEY (ident);


--
-- TOC entry 4966 (class 2606 OID 19683)
-- Name: django_celery_beat_solarschedule django_celery_beat_solar_event_latitude_longitude_ba64999a_uniq; Type: CONSTRAINT; Schema: public; Owner: postgres
--

ALTER TABLE ONLY public.django_celery_beat_solarschedule
    ADD CONSTRAINT django_celery_beat_solar_event_latitude_longitude_ba64999a_uniq UNIQUE (event, latitude, longitude);


--
-- TOC entry 4968 (class 2606 OID 19675)
-- Name: django_celery_beat_solarschedule django_celery_beat_solarschedule_pkey; Type: CONSTRAINT; Schema: public; Owner: postgres
--

ALTER TABLE ONLY public.django_celery_beat_solarschedule
    ADD CONSTRAINT django_celery_beat_solarschedule_pkey PRIMARY KEY (id);


--
-- TOC entry 4851 (class 2606 OID 19124)
-- Name: django_content_type django_content_type_app_label_model_76bd3d3b_uniq; Type: CONSTRAINT; Schema: public; Owner: postgres
--

ALTER TABLE ONLY public.django_content_type
    ADD CONSTRAINT django_content_type_app_label_model_76bd3d3b_uniq UNIQUE (app_label, model);


--
-- TOC entry 4853 (class 2606 OID 19122)
-- Name: django_content_type django_content_type_pkey; Type: CONSTRAINT; Schema: public; Owner: postgres
--

ALTER TABLE ONLY public.django_content_type
    ADD CONSTRAINT django_content_type_pkey PRIMARY KEY (id);


--
-- TOC entry 4849 (class 2606 OID 19116)
-- Name: django_migrations django_migrations_pkey; Type: CONSTRAINT; Schema: public; Owner: postgres
--

ALTER TABLE ONLY public.django_migrations
    ADD CONSTRAINT django_migrations_pkey PRIMARY KEY (id);


--
-- TOC entry 4982 (class 2606 OID 19833)
-- Name: django_session django_session_pkey; Type: CONSTRAINT; Schema: public; Owner: postgres
--

ALTER TABLE ONLY public.django_session
    ADD CONSTRAINT django_session_pkey PRIMARY KEY (session_key);


--
-- TOC entry 4872 (class 2606 OID 19400)
-- Name: lms_attendance lms_attendance_pkey; Type: CONSTRAINT; Schema: public; Owner: postgres
--

ALTER TABLE ONLY public.lms_attendance
    ADD CONSTRAINT lms_attendance_pkey PRIMARY KEY (id);


--
-- TOC entry 4877 (class 2606 OID 19406)
-- Name: lms_class lms_class_pkey; Type: CONSTRAINT; Schema: public; Owner: postgres
--

ALTER TABLE ONLY public.lms_class
    ADD CONSTRAINT lms_class_pkey PRIMARY KEY (id);


--
-- TOC entry 4973 (class 2606 OID 19771)
-- Name: lms_class_students lms_class_students_class_id_user_id_517ab1b9_uniq; Type: CONSTRAINT; Schema: public; Owner: postgres
--

ALTER TABLE ONLY public.lms_class_students
    ADD CONSTRAINT lms_class_students_class_id_user_id_517ab1b9_uniq UNIQUE (class_id, user_id);


--
-- TOC entry 4975 (class 2606 OID 19713)
-- Name: lms_class_students lms_class_students_pkey; Type: CONSTRAINT; Schema: public; Owner: postgres
--

ALTER TABLE ONLY public.lms_class_students
    ADD CONSTRAINT lms_class_students_pkey PRIMARY KEY (id);


--
-- TOC entry 4884 (class 2606 OID 19412)
-- Name: lms_college lms_college_pkey; Type: CONSTRAINT; Schema: public; Owner: postgres
--

ALTER TABLE ONLY public.lms_college
    ADD CONSTRAINT lms_college_pkey PRIMARY KEY (id);


--
-- TOC entry 4887 (class 2606 OID 19418)
-- Name: lms_department lms_department_pkey; Type: CONSTRAINT; Schema: public; Owner: postgres
--

ALTER TABLE ONLY public.lms_department
    ADD CONSTRAINT lms_department_pkey PRIMARY KEY (id);


--
-- TOC entry 4979 (class 2606 OID 19820)
-- Name: lms_post lms_post_pkey; Type: CONSTRAINT; Schema: public; Owner: postgres
--

ALTER TABLE ONLY public.lms_post
    ADD CONSTRAINT lms_post_pkey PRIMARY KEY (uuid);


--
-- TOC entry 4889 (class 2606 OID 19424)
-- Name: lms_schoolyear lms_schoolyear_pkey; Type: CONSTRAINT; Schema: public; Owner: postgres
--

ALTER TABLE ONLY public.lms_schoolyear
    ADD CONSTRAINT lms_schoolyear_pkey PRIMARY KEY (id);


--
-- TOC entry 4891 (class 2606 OID 19430)
-- Name: lms_section lms_section_pkey; Type: CONSTRAINT; Schema: public; Owner: postgres
--

ALTER TABLE ONLY public.lms_section
    ADD CONSTRAINT lms_section_pkey PRIMARY KEY (id);


--
-- TOC entry 4894 (class 2606 OID 19436)
-- Name: lms_status lms_status_pkey; Type: CONSTRAINT; Schema: public; Owner: postgres
--

ALTER TABLE ONLY public.lms_status
    ADD CONSTRAINT lms_status_pkey PRIMARY KEY (id);


--
-- TOC entry 4897 (class 2606 OID 19442)
-- Name: lms_subject lms_subject_pkey; Type: CONSTRAINT; Schema: public; Owner: postgres
--

ALTER TABLE ONLY public.lms_subject
    ADD CONSTRAINT lms_subject_pkey PRIMARY KEY (id);


--
-- TOC entry 4900 (class 2606 OID 19448)
-- Name: lms_yearlevel lms_yearlevel_pkey; Type: CONSTRAINT; Schema: public; Owner: postgres
--

ALTER TABLE ONLY public.lms_yearlevel
    ADD CONSTRAINT lms_yearlevel_pkey PRIMARY KEY (id);


--
-- TOC entry 5003 (class 2606 OID 19965)
-- Name: unieventify_tblevent_department unieventify_tblevent_dep_tblevent_id_department_i_6ae3d251_uniq; Type: CONSTRAINT; Schema: public; Owner: postgres
--

ALTER TABLE ONLY public.unieventify_tblevent_department
    ADD CONSTRAINT unieventify_tblevent_dep_tblevent_id_department_i_6ae3d251_uniq UNIQUE (tblevent_id, department_id);


--
-- TOC entry 5006 (class 2606 OID 19889)
-- Name: unieventify_tblevent_department unieventify_tblevent_department_pkey; Type: CONSTRAINT; Schema: public; Owner: postgres
--

ALTER TABLE ONLY public.unieventify_tblevent_department
    ADD CONSTRAINT unieventify_tblevent_department_pkey PRIMARY KEY (id);


--
-- TOC entry 5009 (class 2606 OID 19979)
-- Name: unieventify_tblevent_participants unieventify_tblevent_par_tblevent_id_user_id_ff563107_uniq; Type: CONSTRAINT; Schema: public; Owner: postgres
--

ALTER TABLE ONLY public.unieventify_tblevent_participants
    ADD CONSTRAINT unieventify_tblevent_par_tblevent_id_user_id_ff563107_uniq UNIQUE (tblevent_id, user_id);


--
-- TOC entry 5011 (class 2606 OID 19895)
-- Name: unieventify_tblevent_participants unieventify_tblevent_participants_pkey; Type: CONSTRAINT; Schema: public; Owner: postgres
--

ALTER TABLE ONLY public.unieventify_tblevent_participants
    ADD CONSTRAINT unieventify_tblevent_participants_pkey PRIMARY KEY (id);


--
-- TOC entry 4998 (class 2606 OID 19883)
-- Name: unieventify_tblevent unieventify_tblevent_pkey; Type: CONSTRAINT; Schema: public; Owner: postgres
--

ALTER TABLE ONLY public.unieventify_tblevent
    ADD CONSTRAINT unieventify_tblevent_pkey PRIMARY KEY (id);


--
-- TOC entry 4985 (class 2606 OID 19841)
-- Name: unieventify_tbleventcategory unieventify_tbleventcategory_pkey; Type: CONSTRAINT; Schema: public; Owner: postgres
--

ALTER TABLE ONLY public.unieventify_tbleventcategory
    ADD CONSTRAINT unieventify_tbleventcategory_pkey PRIMARY KEY (id);


--
-- TOC entry 5016 (class 2606 OID 19901)
-- Name: unieventify_tbleventlog unieventify_tbleventlog_pkey; Type: CONSTRAINT; Schema: public; Owner: postgres
--

ALTER TABLE ONLY public.unieventify_tbleventlog
    ADD CONSTRAINT unieventify_tbleventlog_pkey PRIMARY KEY (id);


--
-- TOC entry 5020 (class 2606 OID 19909)
-- Name: unieventify_tbleventremarks unieventify_tbleventremarks_pkey; Type: CONSTRAINT; Schema: public; Owner: postgres
--

ALTER TABLE ONLY public.unieventify_tbleventremarks
    ADD CONSTRAINT unieventify_tbleventremarks_pkey PRIMARY KEY (id);


--
-- TOC entry 5028 (class 2606 OID 20023)
-- Name: unieventify_tbleventschoolyearandsemester_events unieventify_tbleventscho_tbleventschoolyearandsem_ef1d14cc_uniq; Type: CONSTRAINT; Schema: public; Owner: postgres
--

ALTER TABLE ONLY public.unieventify_tbleventschoolyearandsemester_events
    ADD CONSTRAINT unieventify_tbleventscho_tbleventschoolyearandsem_ef1d14cc_uniq UNIQUE (tbleventschoolyearandsemester_id, tblevent_id);


--
-- TOC entry 5032 (class 2606 OID 19927)
-- Name: unieventify_tbleventschoolyearandsemester_events unieventify_tbleventschoolyearandsemester_events_pkey; Type: CONSTRAINT; Schema: public; Owner: postgres
--

ALTER TABLE ONLY public.unieventify_tbleventschoolyearandsemester_events
    ADD CONSTRAINT unieventify_tbleventschoolyearandsemester_events_pkey PRIMARY KEY (id);


--
-- TOC entry 5025 (class 2606 OID 19921)
-- Name: unieventify_tbleventschoolyearandsemester unieventify_tbleventschoolyearandsemester_pkey; Type: CONSTRAINT; Schema: public; Owner: postgres
--

ALTER TABLE ONLY public.unieventify_tbleventschoolyearandsemester
    ADD CONSTRAINT unieventify_tbleventschoolyearandsemester_pkey PRIMARY KEY (id);


--
-- TOC entry 4987 (class 2606 OID 19847)
-- Name: unieventify_tbleventtype unieventify_tbleventtype_pkey; Type: CONSTRAINT; Schema: public; Owner: postgres
--

ALTER TABLE ONLY public.unieventify_tbleventtype
    ADD CONSTRAINT unieventify_tbleventtype_pkey PRIMARY KEY (id);


--
-- TOC entry 5022 (class 2606 OID 19915)
-- Name: unieventify_tblsemester unieventify_tblsemester_pkey; Type: CONSTRAINT; Schema: public; Owner: postgres
--

ALTER TABLE ONLY public.unieventify_tblsemester
    ADD CONSTRAINT unieventify_tblsemester_pkey PRIMARY KEY (id);


--
-- TOC entry 4989 (class 2606 OID 19853)
-- Name: unieventify_tblsetup unieventify_tblsetup_pkey; Type: CONSTRAINT; Schema: public; Owner: postgres
--

ALTER TABLE ONLY public.unieventify_tblsetup
    ADD CONSTRAINT unieventify_tblsetup_pkey PRIMARY KEY (id);


--
-- TOC entry 4991 (class 2606 OID 19867)
-- Name: unieventify_tblstudentorg unieventify_tblstudentorg_pkey; Type: CONSTRAINT; Schema: public; Owner: postgres
--

ALTER TABLE ONLY public.unieventify_tblstudentorg
    ADD CONSTRAINT unieventify_tblstudentorg_pkey PRIMARY KEY (id);


--
-- TOC entry 4993 (class 2606 OID 19875)
-- Name: unieventify_tblvenue unieventify_tblvenue_pkey; Type: CONSTRAINT; Schema: public; Owner: postgres
--

ALTER TABLE ONLY public.unieventify_tblvenue
    ADD CONSTRAINT unieventify_tblvenue_pkey PRIMARY KEY (id);


--
-- TOC entry 4902 (class 2606 OID 19453)
-- Name: users_role users_role_pkey; Type: CONSTRAINT; Schema: public; Owner: postgres
--

ALTER TABLE ONLY public.users_role
    ADD CONSTRAINT users_role_pkey PRIMARY KEY (uuid);


--
-- TOC entry 4906 (class 2606 OID 19462)
-- Name: users_user users_user_email_key; Type: CONSTRAINT; Schema: public; Owner: postgres
--

ALTER TABLE ONLY public.users_user
    ADD CONSTRAINT users_user_email_key UNIQUE (email);


--
-- TOC entry 4916 (class 2606 OID 19470)
-- Name: users_user_groups users_user_groups_pkey; Type: CONSTRAINT; Schema: public; Owner: postgres
--

ALTER TABLE ONLY public.users_user_groups
    ADD CONSTRAINT users_user_groups_pkey PRIMARY KEY (id);


--
-- TOC entry 4919 (class 2606 OID 19492)
-- Name: users_user_groups users_user_groups_user_id_group_id_b88eab82_uniq; Type: CONSTRAINT; Schema: public; Owner: postgres
--

ALTER TABLE ONLY public.users_user_groups
    ADD CONSTRAINT users_user_groups_user_id_group_id_b88eab82_uniq UNIQUE (user_id, group_id);


--
-- TOC entry 4909 (class 2606 OID 19464)
-- Name: users_user users_user_id_number_key; Type: CONSTRAINT; Schema: public; Owner: postgres
--

ALTER TABLE ONLY public.users_user
    ADD CONSTRAINT users_user_id_number_key UNIQUE (id_number);


--
-- TOC entry 4912 (class 2606 OID 19460)
-- Name: users_user users_user_pkey; Type: CONSTRAINT; Schema: public; Owner: postgres
--

ALTER TABLE ONLY public.users_user
    ADD CONSTRAINT users_user_pkey PRIMARY KEY (uuid);


--
-- TOC entry 4922 (class 2606 OID 19476)
-- Name: users_user_user_permissions users_user_user_permissions_pkey; Type: CONSTRAINT; Schema: public; Owner: postgres
--

ALTER TABLE ONLY public.users_user_user_permissions
    ADD CONSTRAINT users_user_user_permissions_pkey PRIMARY KEY (id);


--
-- TOC entry 4925 (class 2606 OID 19506)
-- Name: users_user_user_permissions users_user_user_permissions_user_id_permission_id_43338c45_uniq; Type: CONSTRAINT; Schema: public; Owner: postgres
--

ALTER TABLE ONLY public.users_user_user_permissions
    ADD CONSTRAINT users_user_user_permissions_user_id_permission_id_43338c45_uniq UNIQUE (user_id, permission_id);


--
-- TOC entry 4927 (class 2606 OID 19482)
-- Name: users_userrole users_userrole_pkey; Type: CONSTRAINT; Schema: public; Owner: postgres
--

ALTER TABLE ONLY public.users_userrole
    ADD CONSTRAINT users_userrole_pkey PRIMARY KEY (id);


--
-- TOC entry 4934 (class 1259 OID 19596)
-- Name: auditlog_logentry_action_229afe39; Type: INDEX; Schema: public; Owner: postgres
--

CREATE INDEX auditlog_logentry_action_229afe39 ON public.auditlog_logentry USING btree (action);


--
-- TOC entry 4935 (class 1259 OID 19573)
-- Name: auditlog_logentry_actor_id_959271d2; Type: INDEX; Schema: public; Owner: postgres
--

CREATE INDEX auditlog_logentry_actor_id_959271d2 ON public.auditlog_logentry USING btree (actor_id);


--
-- TOC entry 4936 (class 1259 OID 19598)
-- Name: auditlog_logentry_cid_9f467263; Type: INDEX; Schema: public; Owner: postgres
--

CREATE INDEX auditlog_logentry_cid_9f467263 ON public.auditlog_logentry USING btree (cid);


--
-- TOC entry 4937 (class 1259 OID 19599)
-- Name: auditlog_logentry_cid_9f467263_like; Type: INDEX; Schema: public; Owner: postgres
--

CREATE INDEX auditlog_logentry_cid_9f467263_like ON public.auditlog_logentry USING btree (cid varchar_pattern_ops);


--
-- TOC entry 4938 (class 1259 OID 19574)
-- Name: auditlog_logentry_content_type_id_75830218; Type: INDEX; Schema: public; Owner: postgres
--

CREATE INDEX auditlog_logentry_content_type_id_75830218 ON public.auditlog_logentry USING btree (content_type_id);


--
-- TOC entry 4939 (class 1259 OID 19575)
-- Name: auditlog_logentry_object_id_09c2eee8; Type: INDEX; Schema: public; Owner: postgres
--

CREATE INDEX auditlog_logentry_object_id_09c2eee8 ON public.auditlog_logentry USING btree (object_id);


--
-- TOC entry 4940 (class 1259 OID 19594)
-- Name: auditlog_logentry_object_pk_6e3219c0; Type: INDEX; Schema: public; Owner: postgres
--

CREATE INDEX auditlog_logentry_object_pk_6e3219c0 ON public.auditlog_logentry USING btree (object_pk);


--
-- TOC entry 4941 (class 1259 OID 19595)
-- Name: auditlog_logentry_object_pk_6e3219c0_like; Type: INDEX; Schema: public; Owner: postgres
--

CREATE INDEX auditlog_logentry_object_pk_6e3219c0_like ON public.auditlog_logentry USING btree (object_pk varchar_pattern_ops);


--
-- TOC entry 4944 (class 1259 OID 19597)
-- Name: auditlog_logentry_timestamp_37867bb0; Type: INDEX; Schema: public; Owner: postgres
--

CREATE INDEX auditlog_logentry_timestamp_37867bb0 ON public.auditlog_logentry USING btree ("timestamp");


--
-- TOC entry 4859 (class 1259 OID 19360)
-- Name: auth_group_name_a6ea08ec_like; Type: INDEX; Schema: public; Owner: postgres
--

CREATE INDEX auth_group_name_a6ea08ec_like ON public.auth_group USING btree (name varchar_pattern_ops);


--
-- TOC entry 4864 (class 1259 OID 19356)
-- Name: auth_group_permissions_group_id_b120cbf9; Type: INDEX; Schema: public; Owner: postgres
--

CREATE INDEX auth_group_permissions_group_id_b120cbf9 ON public.auth_group_permissions USING btree (group_id);


--
-- TOC entry 4867 (class 1259 OID 19357)
-- Name: auth_group_permissions_permission_id_84c5c92e; Type: INDEX; Schema: public; Owner: postgres
--

CREATE INDEX auth_group_permissions_permission_id_84c5c92e ON public.auth_group_permissions USING btree (permission_id);


--
-- TOC entry 4854 (class 1259 OID 19342)
-- Name: auth_permission_content_type_id_2f476e4b; Type: INDEX; Schema: public; Owner: postgres
--

CREATE INDEX auth_permission_content_type_id_2f476e4b ON public.auth_permission USING btree (content_type_id);


--
-- TOC entry 4945 (class 1259 OID 19628)
-- Name: authtoken_token_key_10f0b77e_like; Type: INDEX; Schema: public; Owner: postgres
--

CREATE INDEX authtoken_token_key_10f0b77e_like ON public.authtoken_token USING btree (key varchar_pattern_ops);


--
-- TOC entry 4930 (class 1259 OID 19550)
-- Name: django_admin_log_content_type_id_c4bce8eb; Type: INDEX; Schema: public; Owner: postgres
--

CREATE INDEX django_admin_log_content_type_id_c4bce8eb ON public.django_admin_log USING btree (content_type_id);


--
-- TOC entry 4933 (class 1259 OID 19551)
-- Name: django_admin_log_user_id_c564eba6; Type: INDEX; Schema: public; Owner: postgres
--

CREATE INDEX django_admin_log_user_id_c564eba6 ON public.django_admin_log USING btree (user_id);


--
-- TOC entry 4954 (class 1259 OID 19701)
-- Name: django_celery_beat_periodictask_clocked_id_47a69f82; Type: INDEX; Schema: public; Owner: postgres
--

CREATE INDEX django_celery_beat_periodictask_clocked_id_47a69f82 ON public.django_celery_beat_periodictask USING btree (clocked_id);


--
-- TOC entry 4955 (class 1259 OID 19668)
-- Name: django_celery_beat_periodictask_crontab_id_d3cba168; Type: INDEX; Schema: public; Owner: postgres
--

CREATE INDEX django_celery_beat_periodictask_crontab_id_d3cba168 ON public.django_celery_beat_periodictask USING btree (crontab_id);


--
-- TOC entry 4956 (class 1259 OID 19669)
-- Name: django_celery_beat_periodictask_interval_id_a8ca27da; Type: INDEX; Schema: public; Owner: postgres
--

CREATE INDEX django_celery_beat_periodictask_interval_id_a8ca27da ON public.django_celery_beat_periodictask USING btree (interval_id);


--
-- TOC entry 4957 (class 1259 OID 19667)
-- Name: django_celery_beat_periodictask_name_265a36b7_like; Type: INDEX; Schema: public; Owner: postgres
--

CREATE INDEX django_celery_beat_periodictask_name_265a36b7_like ON public.django_celery_beat_periodictask USING btree (name varchar_pattern_ops);


--
-- TOC entry 4962 (class 1259 OID 19681)
-- Name: django_celery_beat_periodictask_solar_id_a87ce72c; Type: INDEX; Schema: public; Owner: postgres
--

CREATE INDEX django_celery_beat_periodictask_solar_id_a87ce72c ON public.django_celery_beat_periodictask USING btree (solar_id);


--
-- TOC entry 4980 (class 1259 OID 19835)
-- Name: django_session_expire_date_a5c62663; Type: INDEX; Schema: public; Owner: postgres
--

CREATE INDEX django_session_expire_date_a5c62663 ON public.django_session USING btree (expire_date);


--
-- TOC entry 4983 (class 1259 OID 19834)
-- Name: django_session_session_key_c0390e0f_like; Type: INDEX; Schema: public; Owner: postgres
--

CREATE INDEX django_session_session_key_c0390e0f_like ON public.django_session USING btree (session_key varchar_pattern_ops);


--
-- TOC entry 4870 (class 1259 OID 19785)
-- Name: lms_attendance_classroom_id_ef5adc23; Type: INDEX; Schema: public; Owner: postgres
--

CREATE INDEX lms_attendance_classroom_id_ef5adc23 ON public.lms_attendance USING btree (classroom_id);


--
-- TOC entry 4873 (class 1259 OID 19790)
-- Name: lms_attendance_status_id_842ddbb3; Type: INDEX; Schema: public; Owner: postgres
--

CREATE INDEX lms_attendance_status_id_842ddbb3 ON public.lms_attendance USING btree (status_id);


--
-- TOC entry 4874 (class 1259 OID 19769)
-- Name: lms_attendance_student_id_b5ce2f09; Type: INDEX; Schema: public; Owner: postgres
--

CREATE INDEX lms_attendance_student_id_b5ce2f09 ON public.lms_attendance USING btree (student_id);


--
-- TOC entry 4875 (class 1259 OID 19787)
-- Name: lms_class_department_id_9e206ded; Type: INDEX; Schema: public; Owner: postgres
--

CREATE INDEX lms_class_department_id_9e206ded ON public.lms_class USING btree (department_id);


--
-- TOC entry 4878 (class 1259 OID 19788)
-- Name: lms_class_school_year_id_aa2fcdb4; Type: INDEX; Schema: public; Owner: postgres
--

CREATE INDEX lms_class_school_year_id_aa2fcdb4 ON public.lms_class USING btree (school_year_id);


--
-- TOC entry 4879 (class 1259 OID 19789)
-- Name: lms_class_section_id_843a2dfa; Type: INDEX; Schema: public; Owner: postgres
--

CREATE INDEX lms_class_section_id_843a2dfa ON public.lms_class USING btree (section_id);


--
-- TOC entry 4971 (class 1259 OID 19782)
-- Name: lms_class_students_class_id_5ced6b43; Type: INDEX; Schema: public; Owner: postgres
--

CREATE INDEX lms_class_students_class_id_5ced6b43 ON public.lms_class_students USING btree (class_id);


--
-- TOC entry 4976 (class 1259 OID 19783)
-- Name: lms_class_students_user_id_078cfd8e; Type: INDEX; Schema: public; Owner: postgres
--

CREATE INDEX lms_class_students_user_id_078cfd8e ON public.lms_class_students USING btree (user_id);


--
-- TOC entry 4880 (class 1259 OID 19792)
-- Name: lms_class_subject_id_1687756c; Type: INDEX; Schema: public; Owner: postgres
--

CREATE INDEX lms_class_subject_id_1687756c ON public.lms_class USING btree (subject_id);


--
-- TOC entry 4881 (class 1259 OID 19784)
-- Name: lms_class_teacher_id_416f9a32; Type: INDEX; Schema: public; Owner: postgres
--

CREATE INDEX lms_class_teacher_id_416f9a32 ON public.lms_class USING btree (teacher_id);


--
-- TOC entry 4882 (class 1259 OID 19794)
-- Name: lms_class_year_level_id_45af2280; Type: INDEX; Schema: public; Owner: postgres
--

CREATE INDEX lms_class_year_level_id_45af2280 ON public.lms_class USING btree (year_level_id);


--
-- TOC entry 4885 (class 1259 OID 19786)
-- Name: lms_department_college_id_662239cd; Type: INDEX; Schema: public; Owner: postgres
--

CREATE INDEX lms_department_college_id_662239cd ON public.lms_department USING btree (college_id);


--
-- TOC entry 4977 (class 1259 OID 19826)
-- Name: lms_post_created_by_id_ab302891; Type: INDEX; Schema: public; Owner: postgres
--

CREATE INDEX lms_post_created_by_id_ab302891 ON public.lms_post USING btree (created_by_id);


--
-- TOC entry 4892 (class 1259 OID 19800)
-- Name: lms_section_tblYearLevel_id_efebd869; Type: INDEX; Schema: public; Owner: postgres
--

CREATE INDEX "lms_section_tblYearLevel_id_efebd869" ON public.lms_section USING btree ("tblYearLevel_id");


--
-- TOC entry 4895 (class 1259 OID 19791)
-- Name: lms_subject_department_id_e57ce0c2; Type: INDEX; Schema: public; Owner: postgres
--

CREATE INDEX lms_subject_department_id_e57ce0c2 ON public.lms_subject USING btree (department_id);


--
-- TOC entry 4898 (class 1259 OID 19793)
-- Name: lms_subject_year_level_id_cfe94ac7; Type: INDEX; Schema: public; Owner: postgres
--

CREATE INDEX lms_subject_year_level_id_cfe94ac7 ON public.lms_subject USING btree (year_level_id);


--
-- TOC entry 4994 (class 1259 OID 19958)
-- Name: unieventify_tblevent_created_by_id_e5ef9e6f; Type: INDEX; Schema: public; Owner: postgres
--

CREATE INDEX unieventify_tblevent_created_by_id_e5ef9e6f ON public.unieventify_tblevent USING btree (created_by_id);


--
-- TOC entry 5004 (class 1259 OID 19977)
-- Name: unieventify_tblevent_department_department_id_4e1efff7; Type: INDEX; Schema: public; Owner: postgres
--

CREATE INDEX unieventify_tblevent_department_department_id_4e1efff7 ON public.unieventify_tblevent_department USING btree (department_id);


--
-- TOC entry 5007 (class 1259 OID 19976)
-- Name: unieventify_tblevent_department_tblevent_id_655ae4af; Type: INDEX; Schema: public; Owner: postgres
--

CREATE INDEX unieventify_tblevent_department_tblevent_id_655ae4af ON public.unieventify_tblevent_department USING btree (tblevent_id);


--
-- TOC entry 4995 (class 1259 OID 19959)
-- Name: unieventify_tblevent_eventCategory_id_486de6d4; Type: INDEX; Schema: public; Owner: postgres
--

CREATE INDEX "unieventify_tblevent_eventCategory_id_486de6d4" ON public.unieventify_tblevent USING btree ("eventCategory_id");


--
-- TOC entry 4996 (class 1259 OID 19960)
-- Name: unieventify_tblevent_eventType_id_73507c5b; Type: INDEX; Schema: public; Owner: postgres
--

CREATE INDEX "unieventify_tblevent_eventType_id_73507c5b" ON public.unieventify_tblevent USING btree ("eventType_id");


--
-- TOC entry 5012 (class 1259 OID 19990)
-- Name: unieventify_tblevent_participants_tblevent_id_97a683a3; Type: INDEX; Schema: public; Owner: postgres
--

CREATE INDEX unieventify_tblevent_participants_tblevent_id_97a683a3 ON public.unieventify_tblevent_participants USING btree (tblevent_id);


--
-- TOC entry 5013 (class 1259 OID 19991)
-- Name: unieventify_tblevent_participants_user_id_f3d5ac37; Type: INDEX; Schema: public; Owner: postgres
--

CREATE INDEX unieventify_tblevent_participants_user_id_f3d5ac37 ON public.unieventify_tblevent_participants USING btree (user_id);


--
-- TOC entry 4999 (class 1259 OID 19961)
-- Name: unieventify_tblevent_setup_id_91ac4777; Type: INDEX; Schema: public; Owner: postgres
--

CREATE INDEX unieventify_tblevent_setup_id_91ac4777 ON public.unieventify_tblevent USING btree (setup_id);


--
-- TOC entry 5000 (class 1259 OID 19962)
-- Name: unieventify_tblevent_status_id_428dbe38; Type: INDEX; Schema: public; Owner: postgres
--

CREATE INDEX unieventify_tblevent_status_id_428dbe38 ON public.unieventify_tblevent USING btree (status_id);


--
-- TOC entry 5001 (class 1259 OID 19963)
-- Name: unieventify_tblevent_venue_id_a3a992b7; Type: INDEX; Schema: public; Owner: postgres
--

CREATE INDEX unieventify_tblevent_venue_id_a3a992b7 ON public.unieventify_tblevent USING btree (venue_id);


--
-- TOC entry 5014 (class 1259 OID 20002)
-- Name: unieventify_tbleventlog_event_id_b504ddd9; Type: INDEX; Schema: public; Owner: postgres
--

CREATE INDEX unieventify_tbleventlog_event_id_b504ddd9 ON public.unieventify_tbleventlog USING btree (event_id);


--
-- TOC entry 5017 (class 1259 OID 20003)
-- Name: unieventify_tbleventlog_user_id_6370c293; Type: INDEX; Schema: public; Owner: postgres
--

CREATE INDEX unieventify_tbleventlog_user_id_6370c293 ON public.unieventify_tbleventlog USING btree (user_id);


--
-- TOC entry 5018 (class 1259 OID 20009)
-- Name: unieventify_tbleventremarks_events_id_bb9f6940; Type: INDEX; Schema: public; Owner: postgres
--

CREATE INDEX unieventify_tbleventremarks_events_id_bb9f6940 ON public.unieventify_tbleventremarks USING btree (events_id);


--
-- TOC entry 5029 (class 1259 OID 20035)
-- Name: unieventify_tbleventschool_tblevent_id_36ff2d1a; Type: INDEX; Schema: public; Owner: postgres
--

CREATE INDEX unieventify_tbleventschool_tblevent_id_36ff2d1a ON public.unieventify_tbleventschoolyearandsemester_events USING btree (tblevent_id);


--
-- TOC entry 5030 (class 1259 OID 20034)
-- Name: unieventify_tbleventschool_tbleventschoolyearandsemes_8160d6f4; Type: INDEX; Schema: public; Owner: postgres
--

CREATE INDEX unieventify_tbleventschool_tbleventschoolyearandsemes_8160d6f4 ON public.unieventify_tbleventschoolyearandsemester_events USING btree (tbleventschoolyearandsemester_id);


--
-- TOC entry 5026 (class 1259 OID 20021)
-- Name: unieventify_tbleventschoolyearandsemester_semester_id_1656099e; Type: INDEX; Schema: public; Owner: postgres
--

CREATE INDEX unieventify_tbleventschoolyearandsemester_semester_id_1656099e ON public.unieventify_tbleventschoolyearandsemester USING btree (semester_id);


--
-- TOC entry 5023 (class 1259 OID 20015)
-- Name: unieventify_tblsemester_schoolYear_id_21ea6366; Type: INDEX; Schema: public; Owner: postgres
--

CREATE INDEX "unieventify_tblsemester_schoolYear_id_21ea6366" ON public.unieventify_tblsemester USING btree ("schoolYear_id");


--
-- TOC entry 4903 (class 1259 OID 19490)
-- Name: users_user_department_id_626c0154; Type: INDEX; Schema: public; Owner: postgres
--

CREATE INDEX users_user_department_id_626c0154 ON public.users_user USING btree (department_id);


--
-- TOC entry 4904 (class 1259 OID 19488)
-- Name: users_user_email_243f6e77_like; Type: INDEX; Schema: public; Owner: postgres
--

CREATE INDEX users_user_email_243f6e77_like ON public.users_user USING btree (email varchar_pattern_ops);


--
-- TOC entry 4914 (class 1259 OID 19504)
-- Name: users_user_groups_group_id_9afc8d0e; Type: INDEX; Schema: public; Owner: postgres
--

CREATE INDEX users_user_groups_group_id_9afc8d0e ON public.users_user_groups USING btree (group_id);


--
-- TOC entry 4917 (class 1259 OID 19503)
-- Name: users_user_groups_user_id_5f6f5a90; Type: INDEX; Schema: public; Owner: postgres
--

CREATE INDEX users_user_groups_user_id_5f6f5a90 ON public.users_user_groups USING btree (user_id);


--
-- TOC entry 4907 (class 1259 OID 19489)
-- Name: users_user_id_number_bd66cfb2_like; Type: INDEX; Schema: public; Owner: postgres
--

CREATE INDEX users_user_id_number_bd66cfb2_like ON public.users_user USING btree (id_number varchar_pattern_ops);


--
-- TOC entry 4910 (class 1259 OID 20052)
-- Name: users_user_organization_id_70643736; Type: INDEX; Schema: public; Owner: postgres
--

CREATE INDEX users_user_organization_id_70643736 ON public.users_user USING btree (organization_id);


--
-- TOC entry 4913 (class 1259 OID 20053)
-- Name: users_user_section_id_f43926ee; Type: INDEX; Schema: public; Owner: postgres
--

CREATE INDEX users_user_section_id_f43926ee ON public.users_user USING btree (section_id);


--
-- TOC entry 4920 (class 1259 OID 19518)
-- Name: users_user_user_permissions_permission_id_0b93982e; Type: INDEX; Schema: public; Owner: postgres
--

CREATE INDEX users_user_user_permissions_permission_id_0b93982e ON public.users_user_user_permissions USING btree (permission_id);


--
-- TOC entry 4923 (class 1259 OID 19517)
-- Name: users_user_user_permissions_user_id_20aca447; Type: INDEX; Schema: public; Owner: postgres
--

CREATE INDEX users_user_user_permissions_user_id_20aca447 ON public.users_user_user_permissions USING btree (user_id);


--
-- TOC entry 4928 (class 1259 OID 19529)
-- Name: users_userrole_role_id_ce44f512; Type: INDEX; Schema: public; Owner: postgres
--

CREATE INDEX users_userrole_role_id_ce44f512 ON public.users_userrole USING btree (role_id);


--
-- TOC entry 4929 (class 1259 OID 19530)
-- Name: users_userrole_user_id_ac73ddbe; Type: INDEX; Schema: public; Owner: postgres
--

CREATE INDEX users_userrole_user_id_ac73ddbe ON public.users_userrole USING btree (user_id);


--
-- TOC entry 5060 (class 2606 OID 19562)
-- Name: auditlog_logentry auditlog_logentry_actor_id_959271d2_fk_users_user_uuid; Type: FK CONSTRAINT; Schema: public; Owner: postgres
--

ALTER TABLE ONLY public.auditlog_logentry
    ADD CONSTRAINT auditlog_logentry_actor_id_959271d2_fk_users_user_uuid FOREIGN KEY (actor_id) REFERENCES public.users_user(uuid) DEFERRABLE INITIALLY DEFERRED;


--
-- TOC entry 5061 (class 2606 OID 19567)
-- Name: auditlog_logentry auditlog_logentry_content_type_id_75830218_fk_django_co; Type: FK CONSTRAINT; Schema: public; Owner: postgres
--

ALTER TABLE ONLY public.auditlog_logentry
    ADD CONSTRAINT auditlog_logentry_content_type_id_75830218_fk_django_co FOREIGN KEY (content_type_id) REFERENCES public.django_content_type(id) DEFERRABLE INITIALLY DEFERRED;


--
-- TOC entry 5034 (class 2606 OID 19351)
-- Name: auth_group_permissions auth_group_permissio_permission_id_84c5c92e_fk_auth_perm; Type: FK CONSTRAINT; Schema: public; Owner: postgres
--

ALTER TABLE ONLY public.auth_group_permissions
    ADD CONSTRAINT auth_group_permissio_permission_id_84c5c92e_fk_auth_perm FOREIGN KEY (permission_id) REFERENCES public.auth_permission(id) DEFERRABLE INITIALLY DEFERRED;


--
-- TOC entry 5035 (class 2606 OID 19346)
-- Name: auth_group_permissions auth_group_permissions_group_id_b120cbf9_fk_auth_group_id; Type: FK CONSTRAINT; Schema: public; Owner: postgres
--

ALTER TABLE ONLY public.auth_group_permissions
    ADD CONSTRAINT auth_group_permissions_group_id_b120cbf9_fk_auth_group_id FOREIGN KEY (group_id) REFERENCES public.auth_group(id) DEFERRABLE INITIALLY DEFERRED;


--
-- TOC entry 5033 (class 2606 OID 19337)
-- Name: auth_permission auth_permission_content_type_id_2f476e4b_fk_django_co; Type: FK CONSTRAINT; Schema: public; Owner: postgres
--

ALTER TABLE ONLY public.auth_permission
    ADD CONSTRAINT auth_permission_content_type_id_2f476e4b_fk_django_co FOREIGN KEY (content_type_id) REFERENCES public.django_content_type(id) DEFERRABLE INITIALLY DEFERRED;


--
-- TOC entry 5062 (class 2606 OID 19623)
-- Name: authtoken_token authtoken_token_user_id_35299eff_fk_users_user_uuid; Type: FK CONSTRAINT; Schema: public; Owner: postgres
--

ALTER TABLE ONLY public.authtoken_token
    ADD CONSTRAINT authtoken_token_user_id_35299eff_fk_users_user_uuid FOREIGN KEY (user_id) REFERENCES public.users_user(uuid) DEFERRABLE INITIALLY DEFERRED;


--
-- TOC entry 5058 (class 2606 OID 19540)
-- Name: django_admin_log django_admin_log_content_type_id_c4bce8eb_fk_django_co; Type: FK CONSTRAINT; Schema: public; Owner: postgres
--

ALTER TABLE ONLY public.django_admin_log
    ADD CONSTRAINT django_admin_log_content_type_id_c4bce8eb_fk_django_co FOREIGN KEY (content_type_id) REFERENCES public.django_content_type(id) DEFERRABLE INITIALLY DEFERRED;


--
-- TOC entry 5059 (class 2606 OID 19545)
-- Name: django_admin_log django_admin_log_user_id_c564eba6_fk_users_user_uuid; Type: FK CONSTRAINT; Schema: public; Owner: postgres
--

ALTER TABLE ONLY public.django_admin_log
    ADD CONSTRAINT django_admin_log_user_id_c564eba6_fk_users_user_uuid FOREIGN KEY (user_id) REFERENCES public.users_user(uuid) DEFERRABLE INITIALLY DEFERRED;


--
-- TOC entry 5063 (class 2606 OID 19696)
-- Name: django_celery_beat_periodictask django_celery_beat_p_clocked_id_47a69f82_fk_django_ce; Type: FK CONSTRAINT; Schema: public; Owner: postgres
--

ALTER TABLE ONLY public.django_celery_beat_periodictask
    ADD CONSTRAINT django_celery_beat_p_clocked_id_47a69f82_fk_django_ce FOREIGN KEY (clocked_id) REFERENCES public.django_celery_beat_clockedschedule(id) DEFERRABLE INITIALLY DEFERRED;


--
-- TOC entry 5064 (class 2606 OID 19657)
-- Name: django_celery_beat_periodictask django_celery_beat_p_crontab_id_d3cba168_fk_django_ce; Type: FK CONSTRAINT; Schema: public; Owner: postgres
--

ALTER TABLE ONLY public.django_celery_beat_periodictask
    ADD CONSTRAINT django_celery_beat_p_crontab_id_d3cba168_fk_django_ce FOREIGN KEY (crontab_id) REFERENCES public.django_celery_beat_crontabschedule(id) DEFERRABLE INITIALLY DEFERRED;


--
-- TOC entry 5065 (class 2606 OID 19662)
-- Name: django_celery_beat_periodictask django_celery_beat_p_interval_id_a8ca27da_fk_django_ce; Type: FK CONSTRAINT; Schema: public; Owner: postgres
--

ALTER TABLE ONLY public.django_celery_beat_periodictask
    ADD CONSTRAINT django_celery_beat_p_interval_id_a8ca27da_fk_django_ce FOREIGN KEY (interval_id) REFERENCES public.django_celery_beat_intervalschedule(id) DEFERRABLE INITIALLY DEFERRED;


--
-- TOC entry 5066 (class 2606 OID 19676)
-- Name: django_celery_beat_periodictask django_celery_beat_p_solar_id_a87ce72c_fk_django_ce; Type: FK CONSTRAINT; Schema: public; Owner: postgres
--

ALTER TABLE ONLY public.django_celery_beat_periodictask
    ADD CONSTRAINT django_celery_beat_p_solar_id_a87ce72c_fk_django_ce FOREIGN KEY (solar_id) REFERENCES public.django_celery_beat_solarschedule(id) DEFERRABLE INITIALLY DEFERRED;


--
-- TOC entry 5036 (class 2606 OID 19719)
-- Name: lms_attendance lms_attendance_classroom_id_ef5adc23_fk_lms_class_id; Type: FK CONSTRAINT; Schema: public; Owner: postgres
--

ALTER TABLE ONLY public.lms_attendance
    ADD CONSTRAINT lms_attendance_classroom_id_ef5adc23_fk_lms_class_id FOREIGN KEY (classroom_id) REFERENCES public.lms_class(id) DEFERRABLE INITIALLY DEFERRED;


--
-- TOC entry 5037 (class 2606 OID 19744)
-- Name: lms_attendance lms_attendance_status_id_842ddbb3_fk_lms_status_id; Type: FK CONSTRAINT; Schema: public; Owner: postgres
--

ALTER TABLE ONLY public.lms_attendance
    ADD CONSTRAINT lms_attendance_status_id_842ddbb3_fk_lms_status_id FOREIGN KEY (status_id) REFERENCES public.lms_status(id) DEFERRABLE INITIALLY DEFERRED;


--
-- TOC entry 5038 (class 2606 OID 19703)
-- Name: lms_attendance lms_attendance_student_id_b5ce2f09_fk_users_user_uuid; Type: FK CONSTRAINT; Schema: public; Owner: postgres
--

ALTER TABLE ONLY public.lms_attendance
    ADD CONSTRAINT lms_attendance_student_id_b5ce2f09_fk_users_user_uuid FOREIGN KEY (student_id) REFERENCES public.users_user(uuid) DEFERRABLE INITIALLY DEFERRED;


--
-- TOC entry 5039 (class 2606 OID 19729)
-- Name: lms_class lms_class_department_id_9e206ded_fk_lms_department_id; Type: FK CONSTRAINT; Schema: public; Owner: postgres
--

ALTER TABLE ONLY public.lms_class
    ADD CONSTRAINT lms_class_department_id_9e206ded_fk_lms_department_id FOREIGN KEY (department_id) REFERENCES public.lms_department(id) DEFERRABLE INITIALLY DEFERRED;


--
-- TOC entry 5040 (class 2606 OID 19734)
-- Name: lms_class lms_class_school_year_id_aa2fcdb4_fk_lms_schoolyear_id; Type: FK CONSTRAINT; Schema: public; Owner: postgres
--

ALTER TABLE ONLY public.lms_class
    ADD CONSTRAINT lms_class_school_year_id_aa2fcdb4_fk_lms_schoolyear_id FOREIGN KEY (school_year_id) REFERENCES public.lms_schoolyear(id) DEFERRABLE INITIALLY DEFERRED;


--
-- TOC entry 5041 (class 2606 OID 19739)
-- Name: lms_class lms_class_section_id_843a2dfa_fk_lms_section_id; Type: FK CONSTRAINT; Schema: public; Owner: postgres
--

ALTER TABLE ONLY public.lms_class
    ADD CONSTRAINT lms_class_section_id_843a2dfa_fk_lms_section_id FOREIGN KEY (section_id) REFERENCES public.lms_section(id) DEFERRABLE INITIALLY DEFERRED;


--
-- TOC entry 5067 (class 2606 OID 19772)
-- Name: lms_class_students lms_class_students_class_id_5ced6b43_fk_lms_class_id; Type: FK CONSTRAINT; Schema: public; Owner: postgres
--

ALTER TABLE ONLY public.lms_class_students
    ADD CONSTRAINT lms_class_students_class_id_5ced6b43_fk_lms_class_id FOREIGN KEY (class_id) REFERENCES public.lms_class(id) DEFERRABLE INITIALLY DEFERRED;


--
-- TOC entry 5068 (class 2606 OID 19777)
-- Name: lms_class_students lms_class_students_user_id_078cfd8e_fk_users_user_uuid; Type: FK CONSTRAINT; Schema: public; Owner: postgres
--

ALTER TABLE ONLY public.lms_class_students
    ADD CONSTRAINT lms_class_students_user_id_078cfd8e_fk_users_user_uuid FOREIGN KEY (user_id) REFERENCES public.users_user(uuid) DEFERRABLE INITIALLY DEFERRED;


--
-- TOC entry 5042 (class 2606 OID 19754)
-- Name: lms_class lms_class_subject_id_1687756c_fk_lms_subject_id; Type: FK CONSTRAINT; Schema: public; Owner: postgres
--

ALTER TABLE ONLY public.lms_class
    ADD CONSTRAINT lms_class_subject_id_1687756c_fk_lms_subject_id FOREIGN KEY (subject_id) REFERENCES public.lms_subject(id) DEFERRABLE INITIALLY DEFERRED;


--
-- TOC entry 5043 (class 2606 OID 19714)
-- Name: lms_class lms_class_teacher_id_416f9a32_fk_users_user_uuid; Type: FK CONSTRAINT; Schema: public; Owner: postgres
--

ALTER TABLE ONLY public.lms_class
    ADD CONSTRAINT lms_class_teacher_id_416f9a32_fk_users_user_uuid FOREIGN KEY (teacher_id) REFERENCES public.users_user(uuid) DEFERRABLE INITIALLY DEFERRED;


--
-- TOC entry 5044 (class 2606 OID 19764)
-- Name: lms_class lms_class_year_level_id_45af2280_fk_lms_yearlevel_id; Type: FK CONSTRAINT; Schema: public; Owner: postgres
--

ALTER TABLE ONLY public.lms_class
    ADD CONSTRAINT lms_class_year_level_id_45af2280_fk_lms_yearlevel_id FOREIGN KEY (year_level_id) REFERENCES public.lms_yearlevel(id) DEFERRABLE INITIALLY DEFERRED;


--
-- TOC entry 5045 (class 2606 OID 19724)
-- Name: lms_department lms_department_college_id_662239cd_fk_lms_college_id; Type: FK CONSTRAINT; Schema: public; Owner: postgres
--

ALTER TABLE ONLY public.lms_department
    ADD CONSTRAINT lms_department_college_id_662239cd_fk_lms_college_id FOREIGN KEY (college_id) REFERENCES public.lms_college(id) DEFERRABLE INITIALLY DEFERRED;


--
-- TOC entry 5069 (class 2606 OID 19821)
-- Name: lms_post lms_post_created_by_id_ab302891_fk_users_user_uuid; Type: FK CONSTRAINT; Schema: public; Owner: postgres
--

ALTER TABLE ONLY public.lms_post
    ADD CONSTRAINT lms_post_created_by_id_ab302891_fk_users_user_uuid FOREIGN KEY (created_by_id) REFERENCES public.users_user(uuid) DEFERRABLE INITIALLY DEFERRED;


--
-- TOC entry 5046 (class 2606 OID 19795)
-- Name: lms_section lms_section_tblYearLevel_id_efebd869_fk_lms_yearlevel_id; Type: FK CONSTRAINT; Schema: public; Owner: postgres
--

ALTER TABLE ONLY public.lms_section
    ADD CONSTRAINT "lms_section_tblYearLevel_id_efebd869_fk_lms_yearlevel_id" FOREIGN KEY ("tblYearLevel_id") REFERENCES public.lms_yearlevel(id) DEFERRABLE INITIALLY DEFERRED;


--
-- TOC entry 5047 (class 2606 OID 19749)
-- Name: lms_subject lms_subject_department_id_e57ce0c2_fk_lms_department_id; Type: FK CONSTRAINT; Schema: public; Owner: postgres
--

ALTER TABLE ONLY public.lms_subject
    ADD CONSTRAINT lms_subject_department_id_e57ce0c2_fk_lms_department_id FOREIGN KEY (department_id) REFERENCES public.lms_department(id) DEFERRABLE INITIALLY DEFERRED;


--
-- TOC entry 5048 (class 2606 OID 19759)
-- Name: lms_subject lms_subject_year_level_id_cfe94ac7_fk_lms_yearlevel_id; Type: FK CONSTRAINT; Schema: public; Owner: postgres
--

ALTER TABLE ONLY public.lms_subject
    ADD CONSTRAINT lms_subject_year_level_id_cfe94ac7_fk_lms_yearlevel_id FOREIGN KEY (year_level_id) REFERENCES public.lms_yearlevel(id) DEFERRABLE INITIALLY DEFERRED;


--
-- TOC entry 5070 (class 2606 OID 19928)
-- Name: unieventify_tblevent unieventify_tblevent_created_by_id_e5ef9e6f_fk_users_user_uuid; Type: FK CONSTRAINT; Schema: public; Owner: postgres
--

ALTER TABLE ONLY public.unieventify_tblevent
    ADD CONSTRAINT unieventify_tblevent_created_by_id_e5ef9e6f_fk_users_user_uuid FOREIGN KEY (created_by_id) REFERENCES public.users_user(uuid) DEFERRABLE INITIALLY DEFERRED;


--
-- TOC entry 5076 (class 2606 OID 19971)
-- Name: unieventify_tblevent_department unieventify_tblevent_department_id_4e1efff7_fk_lms_depar; Type: FK CONSTRAINT; Schema: public; Owner: postgres
--

ALTER TABLE ONLY public.unieventify_tblevent_department
    ADD CONSTRAINT unieventify_tblevent_department_id_4e1efff7_fk_lms_depar FOREIGN KEY (department_id) REFERENCES public.lms_department(id) DEFERRABLE INITIALLY DEFERRED;


--
-- TOC entry 5071 (class 2606 OID 19933)
-- Name: unieventify_tblevent unieventify_tblevent_eventCategory_id_486de6d4_fk_unieventi; Type: FK CONSTRAINT; Schema: public; Owner: postgres
--

ALTER TABLE ONLY public.unieventify_tblevent
    ADD CONSTRAINT "unieventify_tblevent_eventCategory_id_486de6d4_fk_unieventi" FOREIGN KEY ("eventCategory_id") REFERENCES public.unieventify_tbleventcategory(id) DEFERRABLE INITIALLY DEFERRED;


--
-- TOC entry 5072 (class 2606 OID 19938)
-- Name: unieventify_tblevent unieventify_tblevent_eventType_id_73507c5b_fk_unieventi; Type: FK CONSTRAINT; Schema: public; Owner: postgres
--

ALTER TABLE ONLY public.unieventify_tblevent
    ADD CONSTRAINT "unieventify_tblevent_eventType_id_73507c5b_fk_unieventi" FOREIGN KEY ("eventType_id") REFERENCES public.unieventify_tbleventtype(id) DEFERRABLE INITIALLY DEFERRED;


--
-- TOC entry 5080 (class 2606 OID 19992)
-- Name: unieventify_tbleventlog unieventify_tblevent_event_id_b504ddd9_fk_unieventi; Type: FK CONSTRAINT; Schema: public; Owner: postgres
--

ALTER TABLE ONLY public.unieventify_tbleventlog
    ADD CONSTRAINT unieventify_tblevent_event_id_b504ddd9_fk_unieventi FOREIGN KEY (event_id) REFERENCES public.unieventify_tblevent(id) DEFERRABLE INITIALLY DEFERRED;


--
-- TOC entry 5082 (class 2606 OID 20004)
-- Name: unieventify_tbleventremarks unieventify_tblevent_events_id_bb9f6940_fk_unieventi; Type: FK CONSTRAINT; Schema: public; Owner: postgres
--

ALTER TABLE ONLY public.unieventify_tbleventremarks
    ADD CONSTRAINT unieventify_tblevent_events_id_bb9f6940_fk_unieventi FOREIGN KEY (events_id) REFERENCES public.unieventify_tblevent(id) DEFERRABLE INITIALLY DEFERRED;


--
-- TOC entry 5084 (class 2606 OID 20016)
-- Name: unieventify_tbleventschoolyearandsemester unieventify_tblevent_semester_id_1656099e_fk_unieventi; Type: FK CONSTRAINT; Schema: public; Owner: postgres
--

ALTER TABLE ONLY public.unieventify_tbleventschoolyearandsemester
    ADD CONSTRAINT unieventify_tblevent_semester_id_1656099e_fk_unieventi FOREIGN KEY (semester_id) REFERENCES public.unieventify_tblsemester(id) DEFERRABLE INITIALLY DEFERRED;


--
-- TOC entry 5073 (class 2606 OID 19943)
-- Name: unieventify_tblevent unieventify_tblevent_setup_id_91ac4777_fk_unieventi; Type: FK CONSTRAINT; Schema: public; Owner: postgres
--

ALTER TABLE ONLY public.unieventify_tblevent
    ADD CONSTRAINT unieventify_tblevent_setup_id_91ac4777_fk_unieventi FOREIGN KEY (setup_id) REFERENCES public.unieventify_tblsetup(id) DEFERRABLE INITIALLY DEFERRED;


--
-- TOC entry 5074 (class 2606 OID 20036)
-- Name: unieventify_tblevent unieventify_tblevent_status_id_428dbe38_fk_lms_status_id; Type: FK CONSTRAINT; Schema: public; Owner: postgres
--

ALTER TABLE ONLY public.unieventify_tblevent
    ADD CONSTRAINT unieventify_tblevent_status_id_428dbe38_fk_lms_status_id FOREIGN KEY (status_id) REFERENCES public.lms_status(id) DEFERRABLE INITIALLY DEFERRED;


--
-- TOC entry 5085 (class 2606 OID 20029)
-- Name: unieventify_tbleventschoolyearandsemester_events unieventify_tblevent_tblevent_id_36ff2d1a_fk_unieventi; Type: FK CONSTRAINT; Schema: public; Owner: postgres
--

ALTER TABLE ONLY public.unieventify_tbleventschoolyearandsemester_events
    ADD CONSTRAINT unieventify_tblevent_tblevent_id_36ff2d1a_fk_unieventi FOREIGN KEY (tblevent_id) REFERENCES public.unieventify_tblevent(id) DEFERRABLE INITIALLY DEFERRED;


--
-- TOC entry 5077 (class 2606 OID 19966)
-- Name: unieventify_tblevent_department unieventify_tblevent_tblevent_id_655ae4af_fk_unieventi; Type: FK CONSTRAINT; Schema: public; Owner: postgres
--

ALTER TABLE ONLY public.unieventify_tblevent_department
    ADD CONSTRAINT unieventify_tblevent_tblevent_id_655ae4af_fk_unieventi FOREIGN KEY (tblevent_id) REFERENCES public.unieventify_tblevent(id) DEFERRABLE INITIALLY DEFERRED;


--
-- TOC entry 5078 (class 2606 OID 19980)
-- Name: unieventify_tblevent_participants unieventify_tblevent_tblevent_id_97a683a3_fk_unieventi; Type: FK CONSTRAINT; Schema: public; Owner: postgres
--

ALTER TABLE ONLY public.unieventify_tblevent_participants
    ADD CONSTRAINT unieventify_tblevent_tblevent_id_97a683a3_fk_unieventi FOREIGN KEY (tblevent_id) REFERENCES public.unieventify_tblevent(id) DEFERRABLE INITIALLY DEFERRED;


--
-- TOC entry 5086 (class 2606 OID 20024)
-- Name: unieventify_tbleventschoolyearandsemester_events unieventify_tblevent_tbleventschoolyearan_8160d6f4_fk_unieventi; Type: FK CONSTRAINT; Schema: public; Owner: postgres
--

ALTER TABLE ONLY public.unieventify_tbleventschoolyearandsemester_events
    ADD CONSTRAINT unieventify_tblevent_tbleventschoolyearan_8160d6f4_fk_unieventi FOREIGN KEY (tbleventschoolyearandsemester_id) REFERENCES public.unieventify_tbleventschoolyearandsemester(id) DEFERRABLE INITIALLY DEFERRED;


--
-- TOC entry 5079 (class 2606 OID 19985)
-- Name: unieventify_tblevent_participants unieventify_tblevent_user_id_f3d5ac37_fk_users_use; Type: FK CONSTRAINT; Schema: public; Owner: postgres
--

ALTER TABLE ONLY public.unieventify_tblevent_participants
    ADD CONSTRAINT unieventify_tblevent_user_id_f3d5ac37_fk_users_use FOREIGN KEY (user_id) REFERENCES public.users_user(uuid) DEFERRABLE INITIALLY DEFERRED;


--
-- TOC entry 5075 (class 2606 OID 19953)
-- Name: unieventify_tblevent unieventify_tblevent_venue_id_a3a992b7_fk_unieventi; Type: FK CONSTRAINT; Schema: public; Owner: postgres
--

ALTER TABLE ONLY public.unieventify_tblevent
    ADD CONSTRAINT unieventify_tblevent_venue_id_a3a992b7_fk_unieventi FOREIGN KEY (venue_id) REFERENCES public.unieventify_tblvenue(id) DEFERRABLE INITIALLY DEFERRED;


--
-- TOC entry 5081 (class 2606 OID 19997)
-- Name: unieventify_tbleventlog unieventify_tbleventlog_user_id_6370c293_fk_users_user_uuid; Type: FK CONSTRAINT; Schema: public; Owner: postgres
--

ALTER TABLE ONLY public.unieventify_tbleventlog
    ADD CONSTRAINT unieventify_tbleventlog_user_id_6370c293_fk_users_user_uuid FOREIGN KEY (user_id) REFERENCES public.users_user(uuid) DEFERRABLE INITIALLY DEFERRED;


--
-- TOC entry 5083 (class 2606 OID 20010)
-- Name: unieventify_tblsemester unieventify_tblsemes_schoolYear_id_21ea6366_fk_lms_schoo; Type: FK CONSTRAINT; Schema: public; Owner: postgres
--

ALTER TABLE ONLY public.unieventify_tblsemester
    ADD CONSTRAINT "unieventify_tblsemes_schoolYear_id_21ea6366_fk_lms_schoo" FOREIGN KEY ("schoolYear_id") REFERENCES public.lms_schoolyear(id) DEFERRABLE INITIALLY DEFERRED;


--
-- TOC entry 5049 (class 2606 OID 19483)
-- Name: users_user users_user_department_id_626c0154_fk_lms_department_id; Type: FK CONSTRAINT; Schema: public; Owner: postgres
--

ALTER TABLE ONLY public.users_user
    ADD CONSTRAINT users_user_department_id_626c0154_fk_lms_department_id FOREIGN KEY (department_id) REFERENCES public.lms_department(id) DEFERRABLE INITIALLY DEFERRED;


--
-- TOC entry 5052 (class 2606 OID 19498)
-- Name: users_user_groups users_user_groups_group_id_9afc8d0e_fk_auth_group_id; Type: FK CONSTRAINT; Schema: public; Owner: postgres
--

ALTER TABLE ONLY public.users_user_groups
    ADD CONSTRAINT users_user_groups_group_id_9afc8d0e_fk_auth_group_id FOREIGN KEY (group_id) REFERENCES public.auth_group(id) DEFERRABLE INITIALLY DEFERRED;


--
-- TOC entry 5053 (class 2606 OID 19493)
-- Name: users_user_groups users_user_groups_user_id_5f6f5a90_fk_users_user_uuid; Type: FK CONSTRAINT; Schema: public; Owner: postgres
--

ALTER TABLE ONLY public.users_user_groups
    ADD CONSTRAINT users_user_groups_user_id_5f6f5a90_fk_users_user_uuid FOREIGN KEY (user_id) REFERENCES public.users_user(uuid) DEFERRABLE INITIALLY DEFERRED;


--
-- TOC entry 5050 (class 2606 OID 20042)
-- Name: users_user users_user_organization_id_70643736_fk_unieventi; Type: FK CONSTRAINT; Schema: public; Owner: postgres
--

ALTER TABLE ONLY public.users_user
    ADD CONSTRAINT users_user_organization_id_70643736_fk_unieventi FOREIGN KEY (organization_id) REFERENCES public.unieventify_tblstudentorg(id) DEFERRABLE INITIALLY DEFERRED;


--
-- TOC entry 5051 (class 2606 OID 20047)
-- Name: users_user users_user_section_id_f43926ee_fk_lms_section_id; Type: FK CONSTRAINT; Schema: public; Owner: postgres
--

ALTER TABLE ONLY public.users_user
    ADD CONSTRAINT users_user_section_id_f43926ee_fk_lms_section_id FOREIGN KEY (section_id) REFERENCES public.lms_section(id) DEFERRABLE INITIALLY DEFERRED;


--
-- TOC entry 5054 (class 2606 OID 19512)
-- Name: users_user_user_permissions users_user_user_perm_permission_id_0b93982e_fk_auth_perm; Type: FK CONSTRAINT; Schema: public; Owner: postgres
--

ALTER TABLE ONLY public.users_user_user_permissions
    ADD CONSTRAINT users_user_user_perm_permission_id_0b93982e_fk_auth_perm FOREIGN KEY (permission_id) REFERENCES public.auth_permission(id) DEFERRABLE INITIALLY DEFERRED;


--
-- TOC entry 5055 (class 2606 OID 19507)
-- Name: users_user_user_permissions users_user_user_permissions_user_id_20aca447_fk_users_user_uuid; Type: FK CONSTRAINT; Schema: public; Owner: postgres
--

ALTER TABLE ONLY public.users_user_user_permissions
    ADD CONSTRAINT users_user_user_permissions_user_id_20aca447_fk_users_user_uuid FOREIGN KEY (user_id) REFERENCES public.users_user(uuid) DEFERRABLE INITIALLY DEFERRED;


--
-- TOC entry 5056 (class 2606 OID 19519)
-- Name: users_userrole users_userrole_role_id_ce44f512_fk_users_role_uuid; Type: FK CONSTRAINT; Schema: public; Owner: postgres
--

ALTER TABLE ONLY public.users_userrole
    ADD CONSTRAINT users_userrole_role_id_ce44f512_fk_users_role_uuid FOREIGN KEY (role_id) REFERENCES public.users_role(uuid) DEFERRABLE INITIALLY DEFERRED;


--
-- TOC entry 5057 (class 2606 OID 19524)
-- Name: users_userrole users_userrole_user_id_ac73ddbe_fk_users_user_uuid; Type: FK CONSTRAINT; Schema: public; Owner: postgres
--

ALTER TABLE ONLY public.users_userrole
    ADD CONSTRAINT users_userrole_user_id_ac73ddbe_fk_users_user_uuid FOREIGN KEY (user_id) REFERENCES public.users_user(uuid) DEFERRABLE INITIALLY DEFERRED;


-- Completed on 2025-03-27 10:25:07

--
-- PostgreSQL database dump complete
--

